Workbook

Sheet Cover
A9: UAA Baseline Cost Model Tables
A10: PARS Environment
A11: FY 25

Sheet Table 3.1-UAA Summary
B1: Table 3.1 - Summary of Costs for Processing Undeliverable-As-Addressed Mail
B2: PARS Environment, FY 25
B3: Activities Directly Associated with UAA Mail -- PARS Pieces
E4: Final Disposition
E5: Forwarded (1) | H5: Returned To Sender (2) | K5: Wasted (3)
E6: Cost | F6: Volume | G6: Unit | H6: Cost | I6: Volume | J6: Unit | K6: Cost | L6: Volume | M6: Unit
B7: Module | C7: Craft | D7: Activity | E7: ($000) | F7: (000) | G7: Cost | H7: ($000) | I7: (000) | J7: Cost | K7: ($000) | L7: (000) | M7: Cost
B8: Route | C8: Carrier/Clerk | D8: Identify/Separate | E8: =SUM('Table 3.3-PARS Fwd Summary'!F13) -> 7030.3672 | H8: =SUM('Table 3.6-PARS RTS Summary'!F21,'Table 3.6-PARS RTS Summary'!F31,'Table 3.6-PARS RTS Summary'!F52) -> 108976.51 | K8: =SUM('Table 3.9-PARS Wst Summary'!F21,'Table 3.9-PARS Wst Summary'!F39) -> 50806.099
B9: Nixie Unit | C9: Clerk | D9: Nixie Work (4) | E9: =SUM('Table 3.3-PARS Fwd Summary'!F14) -> 463.36451 | H9: =SUM('Table 3.6-PARS RTS Summary'!F9,'Table 3.6-PARS RTS Summary'!F22,'Table 3.6-PARS RTS Summary'!F32,'Table 3.6-PARS RTS Summary'!F37,'Table 3.6-PARS RTS Summary'!F53) -> 10016.544 | K9: =SUM('Table 3.9-PARS Wst Summary'!F9,'Table 3.9-PARS Wst Summary'!F22,'Table 3.9-PARS Wst Summary'!F40) -> 3389.2971
B10: CFS Unit | C10: Clerk | D10: Key/Label, Etc. (5) | E10: =SUM('Table 3.3-PARS Fwd Summary'!F9,'Table 3.3-PARS Fwd Summary'!F19) -> 1861.301 | H10: =SUM('Table 3.6-PARS RTS Summary'!F17,'Table 3.6-PARS RTS Summary'!F27,'Table 3.6-PARS RTS Summary'!F48,'Table 3.6-PARS RTS Summary'!F58) -> 1048.5865 | K10: =SUM('Table 3.9-PARS Wst Summary'!F17,'Table 3.9-PARS Wst Summary'!F27,'Table 3.9-PARS Wst Summary'!F35,'Table 3.9-PARS Wst Summary'!F45) -> 782.91892
B11: CIOSS | C11: Clerk/MH | D11: Image Lift/Label | E11: =SUM('Table 3.3-PARS Fwd Summary'!F5,'Table 3.3-PARS Fwd Summary'!F15) -> 18364.914 | H11: =SUM('Table 3.6-PARS RTS Summary'!F5,'Table 3.6-PARS RTS Summary'!F13,'Table 3.6-PARS RTS Summary'!F23,'Table 3.6-PARS RTS Summary'!F33,'Table 3.6-PARS RTS Summary'!F44,'Table 3.6-PARS RTS Summary'!F54) -> 30449.431 | K11: =SUM('Table 3.9-PARS Wst Summary'!F5,'Table 3.9-PARS Wst Summary'!F13,'Table 3.9-PARS Wst Summary'!F23,'Table 3.9-PARS Wst Summary'!F31,'Table 3.9-PARS Wst Summary'!F41) -> 30061.77
B12: REC Site | C12: Clerk | D12: Keying (5) | E12: =SUM('Table 3.3-PARS Fwd Summary'!F7:F8,'Table 3.3-PARS Fwd Summary'!F17:F18) -> 3047.9562 | H12: =SUM('Table 3.6-PARS RTS Summary'!F7:F8,'Table 3.6-PARS RTS Summary'!F15:F16,'Table 3.6-PARS RTS Summary'!F25:F26,'Table 3.6-PARS RTS Summary'!F35:F36,'Table 3.6-PARS RTS Summary'!F46:F47,'Table 3.6-PARS RTS Summary'!F56:F57) -> 15541.654 | K12: =SUM('Table 3.9-PARS Wst Summary'!F7:F8,'Table 3.9-PARS Wst Summary'!F15:F16,'Table 3.9-PARS Wst Summary'!F25:F26,'Table 3.9-PARS Wst Summary'!F33:F34,'Table 3.9-PARS Wst Summary'!F43:F44) -> 6238.3219
B13: Processing & Transport | C13: Clerk/MH | D13: Sort/Transport | E13: ='Table 3.3-PARS Fwd Summary'!F23 -> 58625.819 | H13: ='Table 3.6-PARS RTS Summary'!F62 -> 174256.09 | K13: 0
B14: Accountable Unit | C14: Carrier/Clerk | D14: Postage Due | E14: =SUM('Table 3.3-PARS Fwd Summary'!F24:F26) -> 0 | H14: =SUM('Table 3.6-PARS RTS Summary'!F63:F65) -> 4262.1686 | K14: 0
D15: Subtotal | E15: =SUM(E8:E14) -> 89393.722 | F15: ='Table 3.3-PARS Fwd Summary'!B29 -> 378308.29 | G15: =E15/F15 -> 0.23629861 | H15: =SUM(H8:H14) -> 344550.98 | I15: ='Table 3.6-PARS RTS Summary'!B68 -> 1124462.3 | J15: =H15/I15 -> 0.30641399 | K15: =SUM(K8:K14) -> 91278.407 | L15: ='Table 3.9-PARS Wst Summary'!B48 -> 846681.24 | M15: =K15/L15 -> 0.10780729
B17: Activities Directly Associated with UAA Mail -- Non-PARS Pieces
E18: Final Disposition
E19: Forwarded (6) | H19: Returned To Sender (7) | K19: Wasted (8)
E20: Cost | F20: Volume | G20: Unit | H20: Cost | I20: Volume | J20: Unit | K20: Cost | L20: Volume | M20: Unit
B21: Module | C21: Craft | D21: Activity | E21: ($000) | F21: (000) | G21: Cost | H21: ($000) | I21: (000) | J21: Cost | K21: ($000) | L21: (000) | M21: Cost
B22: Route | C22: Carrier/Clerk | D22: Identify/Separate | E22: =SUM('Table 3.4-NonPARS Fwd Summary'!F5,'Table 3.4-NonPARS Fwd Summary'!F11) -> 7369.6159 | H22: =SUM('Table 3.7-NonPARS RTS Summary'!F5,'Table 3.7-NonPARS RTS Summary'!F11,'Table 3.7-NonPARS RTS Summary'!F17) -> 14734.422 | K22: =SUM('Table 3.10-NonPARS Wst Summary'!F5,'Table 3.10-NonPARS Wst Summary'!F10,'Table 3.10-NonPARS Wst Summary'!F15) -> 69140.332
B23: Nixie Unit | C23: Clerk | D23: Nixie Work (4) | E23: =SUM('Table 3.4-NonPARS Fwd Summary'!F6:F7) -> 4624.3337 | H23: =SUM('Table 3.7-NonPARS RTS Summary'!F6:F7,'Table 3.7-NonPARS RTS Summary'!F18) -> 17151.682 | K23: =SUM('Table 3.10-NonPARS Wst Summary'!F6,'Table 3.10-NonPARS Wst Summary'!F16) -> 29245.187
B24: CFS Unit | C24: Clerk | D24: Key/Label, Etc. (5) | E24: =SUM('Table 3.4-NonPARS Fwd Summary'!F12:F13) -> 6597.6851 | H24: =SUM('Table 3.7-NonPARS RTS Summary'!F12:F13,'Table 3.7-NonPARS RTS Summary'!F19) -> 22219.493 | K24: =SUM('Table 3.10-NonPARS Wst Summary'!F11,'Table 3.10-NonPARS Wst Summary'!F17) -> 21974.77
B25: Processing & Transport | C25: Clerk/MH | D25: Sort/Transport | E25: ='Table 3.4-NonPARS Fwd Summary'!F17 -> 25880.033 | H25: ='Table 3.7-NonPARS RTS Summary'!F23 -> 75840.918 | K25: 0
B26: Accountable Unit | C26: Carrier/Clerk | D26: Postage Due | E26: =SUM('Table 3.4-NonPARS Fwd Summary'!F18:F21) -> 9457.8469 | H26: =SUM('Table 3.7-NonPARS RTS Summary'!F24:F26) -> 31437.565 | K26: 0
D27: Subtotal | E27: =SUM(E22:E26) -> 53929.515 | F27: ='Table 3.4-NonPARS Fwd Summary'!B24 -> 50713.501 | G27: =E27/F27 -> 1.0634153 | H27: =SUM(H22:H26) -> 161384.08 | I27: ='Table 3.7-NonPARS RTS Summary'!B29 -> 106886.53 | J27: =H27/I27 -> 1.5098636 | K27: =SUM(K22:K26) -> 120360.29 | L27: ='Table 3.10-NonPARS Wst Summary'!B20 -> 1452394.8 | M27: =K27/L27 -> 0.082870226
B29: Activities Directly Associated with UAA Mail -- All Pieces
E30: Final Disposition
E31: Forwarded | H31: Returned To Sender | K31: Wasted
E32: Cost | F32: Volume | G32: Unit | H32: Cost | I32: Volume | J32: Unit | K32: Cost | L32: Volume | M32: Unit
B33: Module | C33: Craft | D33: Activity | E33: ($000) | F33: (000) | G33: Cost | H33: ($000) | I33: (000) | J33: Cost | K33: ($000) | L33: (000) | M33: Cost
B34: Route | C34: Carrier/Clerk | D34: Identify/Separate | E34: =E8+E22 -> 14399.983 | H34: =H8+H22 -> 123710.93 | K34: =K8+K22 -> 119946.43
B35: Nixie Unit | C35: Clerk | D35: Nixie Work (4) | E35: =E9+E23 -> 5087.6983 | H35: =H9+H23 -> 27168.226 | K35: =K9+K23 -> 32634.484
B36: CFS Unit | C36: Clerk | D36: Key/Label, Etc. (5) | E36: =E10+E24 -> 8458.9861 | H36: =H10+H24 -> 23268.079 | K36: =K10+K24 -> 22757.689
B37: CIOSS | C37: Clerk/MH | D37: Image Lift/Label | E37: =E11 -> 18364.914 | H37: =H11 -> 30449.431 | K37: =K11 -> 30061.77
B38: REC Site | C38: Clerk | D38: Keying (5) | E38: =E12 -> 3047.9562 | H38: =H12 -> 15541.654 | K38: =K12 -> 6238.3219
B39: Processing & Transport | C39: Clerk/MH | D39: Sort/Transport | E39: =E13+E25 -> 84505.852 | H39: =H13+H25 -> 250097.01 | K39: =K13+K25 -> 0
B40: Accountable Unit | C40: Carrier/Clerk | D40: Postage Due | E40: =E14+E26 -> 9457.8469 | H40: =H14+H26 -> 35699.733 | K40: =K14+K26 -> 0
D41: Subtotal | E41: =SUM(E34:E40) -> 143323.24 | F41: =F15+F27 -> 429021.79 | G41: =E41/F41 -> 0.33406983 | H41: =SUM(H34:H40) -> 505935.06 | I41: =I15+I27 -> 1231348.8 | J41: =H41/I41 -> 0.41087875 | K41: =SUM(K34:K40) -> 211638.7 | L41: =L15+L27 -> 2299076.1 | M41: =K41/L41 -> 0.092053803
B44: Address Correction | E44: PARS | H44: Non-PARS | K44: Total
E45: Cost | F45: Volume | G45: Unit | H45: Cost | I45: Volume | J45: Unit | K45: Cost | L45: Volume | M45: Unit
E46: ($000) | F46: (000) | G46: Cost | H46: ($000) | I46: (000) | J46: Cost | K46: ($000) | L46: (000) | M46: Cost
B47: COA Card Processing (9) | D47: Subtotal | E47: ='Table 3.13-COA Costs'!L79 -> 71038.927 | F47: ='Table 3.13-COA Costs'!D79 -> 25963.542 | G47: =E47/F47 -> 2.7361031 | H47: 0 | I47: 0 | J47: 0 | K47: =E47+H47 -> 71038.927 | L47: =F47+I47 -> 25963.542 | M47: =G47+J47 -> 2.7361031
B49: Electronic Notice Processing
B50: ACS COA Mail Activities at CIOSS/REC/CFS (10) | E50: =SUM('Table 3.25-REC Summary'!L8:L10)+'Table 3.19-CFS UAA'!J47 -> 3631.282 | F50: =SUM('Table 3.23-CIOSS Summary'!C8:C10) -> 206221.91 | G50: =E50/F50 -> 0.017608614 | H50: ='Table 3.19-CFS UAA'!J16 -> 12028.748 | I50: ='Table 3.19-CFS UAA'!B16 -> 19942.508 | J50: =H50/I50 -> 0.60317128 | K50: =E50+H50 -> 15660.03 | L50: =F50+I50 -> 226164.42 | M50: =K50/L50 -> 0.069241793
B51: ACS Nixie Mail Activities at CIOSS/REC/CFS (10) | E51: =SUM('Table 3.25-REC Summary'!L12:L13)+'Table 3.19-CFS UAA'!J60 -> 12819.107 | F51: =SUM('Table 3.23-CIOSS Summary'!C12:C13) -> 580243.9 | G51: =E51/F51 -> 0.022092619 | H51: ='Table 3.19-CFS UAA'!J29 -> 14008.646 | I51: ='Table 3.19-CFS UAA'!B29 -> 28934.501 | J51: =H51/I51 -> 0.48415024 | K51: =E51+H51 -> 26827.753 | L51: =F51+I51 -> 609178.4 | M51: =K51/L51 -> 0.044039238
B52: ACS Nixie Mail Activities at Nixie Unit (11) | E52: 0 | F52: =SUM('Table 3.18-Nixie UAA'!D10:D11)+SUM('Table 3.24-CIOSS Detail'!E15:E16) -> 580243.9 | G52: 0 | H52: =SUM('Table 3.18-Nixie UAA'!I26:I27) -> 12602.081 | I52: =SUM('Table 3.18-Nixie UAA'!D26:D27) -> 28934.501 | J52: =H52/I52 -> 0.43553822 | K52: =E52+H52 -> 12602.081 | L52: =F52+I52 -> 609178.4 | M52: =K52/L52 -> 0.020687012
D53: Subtotal | E53: =SUM(E50:E52) -> 16450.389 | F53: =SUM(F50:F51) -> 786465.82 | G53: =E53/F53 -> 0.020916852 | H53: =SUM(H50:H52) -> 38639.475 | I53: =SUM(I50:I51) -> 48877.009 | J53: =H53/I53 -> 0.79054499 | K53: =SUM(K50:K52) -> 55089.864 | L53: =SUM(L50:L51) -> 835342.83 | M53: =K53/L53 -> 0.065948808
B55: Manual Notice Processing (12)
B56: Form 3547 Activities | E56: =F56*G56 -> 21826.328 | F56: =SUM('Table 3.11-Form3547 Costs'!H6,'Table 3.11-Form3547 Costs'!H13,'Table 3.11-Form3547 Costs'!H19) -> 29888.55 | G56: ='Table 3.11-Form3547 Costs'!P21 -> 0.7302572 | H56: =I56*J56 -> 27359.057 | I56: =SUM('Table 3.11-Form3547 Costs'!H28:H29,'Table 3.11-Form3547 Costs'!H36:H37,'Table 3.11-Form3547 Costs'!H43) -> 16249.655 | J56: ='Table 3.11-Form3547 Costs'!P45 -> 1.68367 | K56: =E56+H56 -> 49185.386 | L56: =F56+I56 -> 46138.205 | M56: =K56/L56 -> 1.0660446
B57: Form 3579 Activities | E57: 0 | F57: 0 | G57: 0 | H57: =I57*J57 -> 12051.981 | I57: =SUM('Table 3.12-Form3579 Costs'!H7:H8) -> 9259.7882 | J57: ='Table 3.12-Form3579 Costs'!P12 -> 1.3015396 | K57: =E57+H57 -> 12051.981 | L57: =F57+I57 -> 9259.7882 | M57: =K57/L57 -> 1.3015396
D58: Subtotal | E58: =SUM(E56:E57) -> 21826.328 | F58: =SUM(F56:F57) -> 29888.55 | G58: =E58/F58 -> 0.7302572 | H58: =SUM(H56:H57) -> 39411.038 | I58: =SUM(I56:I57) -> 25509.443 | J58: =H58/I58 -> 1.5449588 | K58: =SUM(K56:K57) -> 61237.367 | L58: =SUM(L56:L57) -> 55397.993 | M58: =K58/L58 -> 1.1054077
D60: Total Cost ($000) | E60: =SUM(E15,H15,K15)+SUM(E47,E53,E58) -> 634538.76 | H60: =SUM(E27,H27,K27)+SUM(H47,H53,H58) -> 413724.4 | K60: =E60+H60 -> 1048263.2
D63: checks ---> | E63: =E15-'Table 3.3-PARS Fwd Summary'!F29 -> 0 | F63: =F15-'Table 3.3-PARS Fwd Summary'!B29 -> 0 | H63: =H15-'Table 3.6-PARS RTS Summary'!F68 -> 0 | I63: =I15-'Table 3.6-PARS RTS Summary'!B68 -> 0 | K63: =K15-'Table 3.9-PARS Wst Summary'!F48 -> 0 | L63: =L15-'Table 3.9-PARS Wst Summary'!B48 -> 0
E64: =E27-'Table 3.4-NonPARS Fwd Summary'!F24 -> 0 | F64: =F27-'Table 3.4-NonPARS Fwd Summary'!B24 -> 0 | H64: =H27-'Table 3.7-NonPARS RTS Summary'!F29 -> 0 | I64: =I27-'Table 3.7-NonPARS RTS Summary'!B29 -> 0 | K64: =K27-'Table 3.10-NonPARS Wst Summary'!F20 -> 0 | L64: =L27-'Table 3.10-NonPARS Wst Summary'!B20 -> 0
E65: 0 | F65: 0 | G65: 0 | H65: =G47-'Table 3.13-COA Costs'!N79 -> 0 | I65: =G50-'Table 3.43-Elec Notice'!L15 -> 0 | J65: =J50-'Table 3.43-Elec Notice'!R15 -> 0 | K65: =M50-'Table 3.43-Elec Notice'!F15 -> 0 | L65: =G51-'Table 3.43-Elec Notice'!L27 -> 0 | M65: =SUM(H51:H52)/I51-'Table 3.43-Elec Notice'!R27 -> 0 | N65: =SUM(K51:K52)/L51-'Table 3.43-Elec Notice'!F27 -> 0
H66: =M56-'Table 3.41-Man Notice'!F25 -> 0 | I66: =M57-'Table 3.41-Man Notice'!F33 -> 0 | J66: =M58-'Table 3.41-Man Notice'!F35 -> 0
G69: direct costs ---> | H69: =SUM('Table 3.2-Total Fwd Summary'!F34,'Table 3.5-Total RTS Summary'!F38,'Table 3.8-Total Wst Summary'!F19) -> 860896.99 | I69: =SUM(E41,H41,K41) -> 860896.99 | J69: =H69-I69 -> 0 | M69: route module ---> | N69: =SUM('Table 3.14-Route UAA'!J103,'Table 3.14-Route UAA'!J109,'Table 3.14-Route UAA'!J111) -> 258057.35 | O69: =E34+H34+K34 -> 258057.35
G70: coa costs ---> | H70: ='Table 3.13-COA Costs'!D79*'Table 3.13-COA Costs'!N79 -> 71038.927 | I70: =K47 -> 71038.927 | J70: =H70-I70 -> 0 | M70: nixie module ---> | N70: ='Table 3.18-Nixie UAA'!I40+'Table 3.31-Rating Post Due'!H27-SUM('Table 3.18-Nixie UAA'!I26:I27) -> 64890.408 | O70: =E35+H35+K35 -> 64890.408
G71: acs processing costs ---> | H71: =SUM('Table 3.27-REC Detail ACS'!K49:K50)+SUM('Table 3.19-CFS UAA'!J16,'Table 3.19-CFS UAA'!J29,'Table 3.19-CFS UAA'!J47,'Table 3.19-CFS UAA'!J60)+SUM('Table 3.18-Nixie UAA'!I26:I27) -> 55089.864 | I71: =K53 -> 55089.864 | J71: =H71-I71 -> 0 | M71: cfs module ---> | N71: =SUM('Table 3.19-CFS UAA'!J77,'Table 3.19-CFS UAA'!J90)+SUM('Table 3.20-CFS Non-CIOSS'!H45,'Table 3.20-CFS Non-CIOSS'!H50,'Table 3.20-CFS Non-CIOSS'!H56,'Table 3.20-CFS Non-CIOSS'!H61) -> 54484.754 | O71: =E36+H36+K36 -> 54484.754
G72: man note costs ---> | H72: =SUM('Table 3.11-Form3547 Costs'!H6,'Table 3.11-Form3547 Costs'!H13,'Table 3.11-Form3547 Costs'!H19)*'Table 3.11-Form3547 Costs'!P21+SUM('Table 3.11-Form3547 Costs'!H28:H29,'Table 3.11-Form3547 Costs'!H36:H37,'Table 3.11-Form3547 Costs'!H43)*'Table 3.11-Form3547 Costs'!P45+SUM('Table 3.12-Form3579 Costs'!H7:H8)*'Table 3.12-Form3579 Costs'!P12 -> 61237.367 | I72: =K58 -> 61237.367 | J72: =H72-I72 -> 0 | M72: cioss module ---> | N72: ='Table 3.23-CIOSS Summary'!I14 -> 78876.115 | O72: =E37+H37+K37 -> 78876.115
G73: adm/spt costs ---> | J73: =H73-I73 -> 0 | M73: rec module ---> | N73: =SUM('Table 3.25-REC Summary'!K14:K14) -> 24827.932 | O73: =E38+H38+K38 -> 24827.932
H74: =SUM(H69:H73) -> 1048263.2 | I74: =SUM(I69:I73) -> 1048263.2 | J74: =H74-I74 -> 0 | M74: mp trans module ---> | N74: =SUMPRODUCT('Table 3.29-UAA MP Units'!G6:G7,'Table 3.29-UAA MP Units'!G27:G28) -> 334602.86 | O74: =E39+H39+K39 -> 334602.86
M75: pd module ---> | N75: =SUM('Table 3.32-Accounting Post Due'!D4:D11)*'Table 3.32-Accounting Post Due'!F4+SUM('Table 3.33-Delivery Post Due'!D5:D18)*'Table 3.33-Delivery Post Due'!F5+SUM('Table 3.34-Window Post Due'!D4:D11)*'Table 3.34-Window Post Due'!F4+'Table 3.36-Process Form 3546'!B4*'Table 3.36-Process Form 3546'!J17 -> 45157.58 | O75: =E40+H40+K40 -> 45157.58
M76: Total ---> | N76: =SUM(N69:N75) -> 860896.99 | O76: =SUM(O69:O75) -> 860896.99
B78: Notes:
B79: (1) UAA PARS mail that is forwarded to a new destination address. Refer to Table 3.3. | G79: (8) UAA non-PARS mail wasted based on USPS UAA regs. Refer to Table 3.10.
B80: (2) UAA PARS mail that is returned to the sender's address. Refer to Table 3.6. | G80: (9) Refer to Table 3.13. Includes Forms 3575, 3575Z, and 3546.
B81: (3) UAA PARS mail that is wasted based on USPS UAA regulations. Refer to Table 3.9. | G81: (10) For PARS pieces, refer to Table 3.19 (CFS Cost), Table 3.25 (REC Cost), and
B82: (4) Excludes activities associated with ACS nixie mail. | G82: Table 3.23 (CIOSS Volumes). For non-PARS pieces, refer to Table 3.19.
B83: (5) Excludes keying of Address Change Service (ACS) participant and keyline codes. | G83: (11) Refer to Table 3.18.
B84: (6) UAA non-PARS mail that is forwarded to a new destination address. Refer to Table 3.4. | G84: (12) Refer to Table 3.11 and 3.12.
B85: (7) UAA non-PARS mail that is returned to the sender's address. Refer to Table 3.7.

Sheet Table 3.2-Total Fwd Summary
A1: Table 3.2 - Cost of Forwarded UAA Mail, All Pieces
A2: PARS Environment, FY 25
B3: Volume (000s) | D3: Cost/Piece | F3: Total Cost (000s) | H3: Frequency | J3: Cost Contribution
A5: PARS Pieces (1)
A6: Plant-Intercepted COA Mail Forwarded | B6: ='Table 3.3-PARS Fwd Summary'!B10 -> 317286.89 | D6: =F6/B6 -> 0.060304278 | F6: ='Table 3.3-PARS Fwd Summary'!F10 -> 19133.757 | H6: =B6/$B$34 -> 0.73955891 | J6: =D6*H6 -> 0.044598566
A7: Carrier-Identified COA Mail Forwarded | B7: ='Table 3.3-PARS Fwd Summary'!B20 -> 61021.399 | D7: =F7/B7 -> 0.19065683 | F7: ='Table 3.3-PARS Fwd Summary'!F20 -> 11634.146 | H7: =B7/$B$34 -> 0.1422338 | J7: =D7*H7 -> 0.027117845
A8: Total | B8: =SUM(B6:B7) -> 378308.29 | D8: =F8/B8 -> 0.081330238 | F8: =SUM(F6:F7) -> 30767.903 | H8: =B8/$B$34 -> 0.88179272 | J8: =SUM(J6:J7) -> 0.071716411
A10: Downstream Activities
A11: Mailstream Processing & Transportation | B11: ='Table 3.3-PARS Fwd Summary'!B23 -> 378308.29 | D11: =F11/B11 -> 0.15496837 | F11: ='Table 3.3-PARS Fwd Summary'!F23 -> 58625.819 | H11: =B11/$B$34 -> 0.88179272 | J11: =D11*H11 -> 0.13664998
A12: Destinating Accountable Mail Unit | B12: ='Table 3.3-PARS Fwd Summary'!B24 -> 0 | D12: 0 | F12: ='Table 3.3-PARS Fwd Summary'!F24 -> 0 | H12: =B12/$B$34 -> 0 | J12: =D12*H12 -> 0
A13: Collection Postage Due - Carrier | B13: ='Table 3.3-PARS Fwd Summary'!B25 -> 0 | D13: 0 | F13: ='Table 3.3-PARS Fwd Summary'!F25 -> 0 | H13: =B13/$B$34 -> 0 | J13: =D13*H13 -> 0
A14: Collection Postage Due - Wind. Serv. | B14: ='Table 3.3-PARS Fwd Summary'!B26 -> 0 | D14: 0 | F14: ='Table 3.3-PARS Fwd Summary'!F26 -> 0 | H14: =B14/$B$34 -> 0 | J14: =D14*H14 -> 0
A15: Total | B15: =B11 -> 378308.29 | D15: =F15/B15 -> 0.15496837 | F15: =SUM(F11:F14) -> 58625.819 | H15: =B15/$B$34 -> 0.88179272 | J15: =SUM(J11:J14) -> 0.13664998
A17: Total PARS Pieces | B17: =B8 -> 378308.29 | D17: =F17/B17 -> 0.23629861 | F17: =SUM(F8,F15) -> 89393.722 | H17: =B17/$B$34 -> 0.88179272 | J17: =J8+J15 -> 0.20836639
A19: Non-PARS Pieces (2)
A20: Delivery Unit Hand Forwarded | B20: ='Table 3.4-NonPARS Fwd Summary'!B8 -> 32140.753 | D20: =F20/B20 -> 0.29284283 | F20: ='Table 3.4-NonPARS Fwd Summary'!F8 -> 9412.1889 | H20: =B20/$B$34 -> 0.074916364 | J20: =D20*H20 -> 0.02193872
A21: CFS Unit COA Mail Forwarded | B21: ='Table 3.4-NonPARS Fwd Summary'!B14 -> 18572.748 | D21: =F21/B21 -> 0.49424273 | F21: ='Table 3.4-NonPARS Fwd Summary'!F14 -> 9179.4458 | H21: =B21/$B$34 -> 0.04329092 | J21: =D21*H21 -> 0.021396223
A22: Total | B22: =SUM(B20:B21) -> 50713.501 | D22: =F22/B22 -> 0.36660129 | F22: =SUM(F20:F21) -> 18591.635 | H22: =B22/$B$34 -> 0.11820728 | J22: =SUM(J20:J21) -> 0.043334943
A24: Downstream Activities
A25: Mailstream Processing & Transportation | B25: ='Table 3.4-NonPARS Fwd Summary'!B17 -> 50713.501 | D25: =F25/B25 -> 0.51031841 | F25: ='Table 3.4-NonPARS Fwd Summary'!F17 -> 25880.033 | H25: =B25/$B$34 -> 0.11820728 | J25: =D25*H25 -> 0.060323354
A26: Destinating Accountable Mail Unit | B26: ='Table 3.4-NonPARS Fwd Summary'!B18 -> 1376.7222 | D26: =F26/B26 -> 3.0195033 | F26: ='Table 3.4-NonPARS Fwd Summary'!F18 -> 4157.0172 | H26: =B26/$B$34 -> 0.0032089796 | J26: =D26*H26 -> 0.0096895246
A27: Collection Postage Due - Carrier | B27: ='Table 3.4-NonPARS Fwd Summary'!B19 -> 1002.8017 | D27: =F27/B27 -> 0.9129758 | F27: ='Table 3.4-NonPARS Fwd Summary'!F19 -> 915.53372 | H27: =B27/$B$34 -> 0.0023374145 | J27: =D27*H27 -> 0.0021340029
A28: Collection Postage Due - Wind. Serv. | B28: ='Table 3.4-NonPARS Fwd Summary'!B20 -> 373.92043 | D28: =F28/B28 -> 0.5277623 | F28: ='Table 3.4-NonPARS Fwd Summary'!F20 -> 197.34111 | H28: =B28/$B$34 -> 0.00087156513 | J28: =D28*H28 -> 0.00045997922
A29: Prepare and Mail Form 3546 | B29: ='Table 3.4-NonPARS Fwd Summary'!B21 -> 794.94389 | D29: =F29/B29 -> 5.2682396 | F29: ='Table 3.4-NonPARS Fwd Summary'!F21 -> 4187.9549 | H29: =B29/$B$34 -> 0.001852922 | J29: =D29*H29 -> 0.0097616369
A30: Total | B30: =B25 -> 50713.501 | D30: =F30/B30 -> 0.69681406 | F30: =SUM(F25:F29) -> 35337.88 | H30: =B30/$B$34 -> 0.11820728 | J30: =SUM(J25:J29) -> 0.082368498
A32: Total Non-PARS Pieces | B32: =B22 -> 50713.501 | D32: =F32/B32 -> 1.0634153 | F32: =SUM(F22,F30) -> 53929.515 | H32: =B32/$B$34 -> 0.11820728 | J32: =J22+J30 -> 0.12570344
A34: Grand Total | B34: =SUM(B17,B32) -> 429021.79 | F34: =SUM(F17,F32) -> 143323.24 | J34: =SUM(J17,J32) -> 0.33406983
A37: checks ---> | B37: 0 | G37: route module ---> | H37: =SUM('Table 3.14-Route UAA'!J102,'Table 3.14-Route UAA'!J106) -> 14399.983 | J37: ='Table 3.3-PARS Fwd Summary'!J32+'Table 3.4-NonPARS Fwd Summary'!J27 -> 14399.983 | K37: =H37-J37 -> 0
B38: 0 | G38: nixie module ---> | H38: =SUM('Table 3.18-Nixie UAA'!I6,'Table 3.18-Nixie UAA'!I15,'Table 3.18-Nixie UAA'!I24)+SUM('Table 3.31-Rating Post Due'!H7,'Table 3.31-Rating Post Due'!H12,'Table 3.31-Rating Post Due'!H20) -> 5087.6983 | J38: ='Table 3.3-PARS Fwd Summary'!J33+'Table 3.4-NonPARS Fwd Summary'!J28 -> 5087.6983 | K38: =H38-J38 -> 0
B39: 0 | G39: cfs module ---> | H39: =SUM('Table 3.20-CFS Non-CIOSS'!H9,'Table 3.20-CFS Non-CIOSS'!H45,'Table 3.20-CFS Non-CIOSS'!H56,'Table 3.21-CFS CIOSS Rejs'!H9) -> 8458.9861 | J39: ='Table 3.3-PARS Fwd Summary'!J34+'Table 3.4-NonPARS Fwd Summary'!J29 -> 8458.9861 | K39: =H39-J39 -> 0
G40: cioss module ---> | H40: =SUM('Table 3.23-CIOSS Summary'!I4,'Table 3.23-CIOSS Summary'!I8,'Table 3.23-CIOSS Summary'!I11) -> 18364.914 | J40: ='Table 3.3-PARS Fwd Summary'!J35 -> 18364.914 | K40: =H40-J40 -> 0
G41: rec module ---> | H41: ='Table 3.25-REC Summary'!K4+'Table 3.25-REC Summary'!K8 -> 3047.9562 | J41: ='Table 3.3-PARS Fwd Summary'!J36 -> 3047.9562 | K41: =H41-J41 -> 0
G42: mp trans module ---> | H42: ='Table 3.3-PARS Fwd Summary'!H37+'Table 3.4-NonPARS Fwd Summary'!H30 -> 84505.852 | J42: ='Table 3.3-PARS Fwd Summary'!J37+'Table 3.4-NonPARS Fwd Summary'!J30 -> 84505.852 | K42: =H42-J42 -> 0
G43: pd module ---> | H43: =SUM('Table 3.32-Accounting Post Due'!D4:D5)*'Table 3.32-Accounting Post Due'!F4+SUM('Table 3.33-Delivery Post Due'!D5:D9)*'Table 3.33-Delivery Post Due'!F5+SUM('Table 3.34-Window Post Due'!D4:D5)*'Table 3.34-Window Post Due'!F4+'Table 3.36-Process Form 3546'!J17*'Table 3.36-Process Form 3546'!B4 -> 9457.8469 | J43: ='Table 3.3-PARS Fwd Summary'!J38+'Table 3.4-NonPARS Fwd Summary'!J31 -> 9457.8469 | K43: =H43-J43 -> 0
G44: Total ---> | H44: =SUM(H37:H43) -> 143323.24 | J44: =SUM(J37:J43) -> 143323.24 | K44: =H44-J44 -> 0
A46: Notes:
A47: (1) Refer to Table 3.3.
A48: (2) Refer to Table 3.4.

Sheet Table 3.3-PARS Fwd Summary
A1: Table 3.3 - Cost of Forwarded UAA Mail, PARS Pieces
A2: PARS Environment, FY 25
B3: Volume (000s) | D3: Cost/Piece | F3: Total Cost (000s) | H3: Frequency | J3: Cost Contribution
A4: Plant-Intercepted COA Mail Forwarded (1)
A5: CIOSS Processing | B5: =SUM('Table 3.24-CIOSS Detail'!E4,'Table 3.24-CIOSS Detail'!E8) -> 317286.89 | C5: (4) | D5: =F5/B5 -> 0.048544837 | F5: =SUM('Table 3.24-CIOSS Detail'!K4,'Table 3.24-CIOSS Detail'!K8) -> 15402.64 | G5: (4) | H5: =B5/$B$29 -> 0.83869928 | J5: =D5*H5 -> 0.04071452
A6: AFR Finalization | B6: =SUM('Table 3.28-REC Volume'!G4,'Table 3.28-REC Volume'!G8) -> 289644.86 | C6: (5) | D6: =F6/B6 -> 0 | F6: 0 | H6: =B6/$B$29 -> 0.76563181 | J6: =D6*H6 -> 0
A7: REC Site Finalization, Non-ACS Pieces | B7: =SUM('Table 3.28-REC Volume'!H4) -> 17651.077 | C7: (5) | D7: =F7/B7 -> 0.10707332 | F7: ='Table 3.26-REC Detail NonACS'!K4 -> 1889.9594 | G7: (6) | H7: =B7/$B$29 -> 0.046657918 | J7: =D7*H7 -> 0.0049958182
A8: REC Site Finalization, ACS Pieces (17) | B8: =SUM('Table 3.28-REC Volume'!H8) -> 5231.6497 | C8: (5) | D8: =F8/B8 -> 0.053536661 | F8: ='Table 3.26-REC Detail NonACS'!K8 -> 280.08505 | G8: (6) | H8: =B8/$B$29 -> 0.013829064 | J8: =D8*H8 -> 0.00074036193
A9: CIOSS Rejects - CFS Unit Processing | B9: 4759.3033 | C9: (7) | D9: ='Table 3.21-CFS CIOSS Rejs'!I9 -> 0.32800427 | E9: (8) | F9: =B9*D9 -> 1561.0718 | H9: =B9/$B$29 -> 0.012580489 | J9: =D9*H9 -> 0.0041264542
A10: Total | B10: =B5 -> 317286.89 | D10: =F10/B10 -> 0.060304278 | F10: =SUM(F5:F9) -> 19133.757 | J10: =SUM(J5:J9) -> 0.050577154
A12: Carrier-Identified COA Mail Forwarded (2)
A13: Carrier Preparation | B13: ='Table 3.16-Route UAA PARS'!D106 -> 61021.399 | C13: (9) | D13: =F13/B13 -> 0.1152115 | F13: ='Table 3.16-Route UAA PARS'!J106 -> 7030.3672 | G13: (9) | H13: =B13/$B$29 -> 0.16130072 | J13: =D13*H13 -> 0.018583699
A14: Clerk Handling - Prep for CIOSS | B14: ='Table 3.18-Nixie UAA'!D6 -> 61021.399 | C14: (10) | D14: =F14/B14 -> 0.0075934757 | F14: ='Table 3.18-Nixie UAA'!I6 -> 463.36451 | G14: (10) | H14: =B14/$B$29 -> 0.16130072 | J14: =D14*H14 -> 0.0012248331
A15: CIOSS Processing | B15: =SUM('Table 3.24-CIOSS Detail'!E19,'Table 3.24-CIOSS Detail'!E23) -> 61021.399 | C15: (4) | D15: =F15/B15 -> 0.048544837 | F15: =SUM('Table 3.24-CIOSS Detail'!K19,'Table 3.24-CIOSS Detail'!K23) -> 2962.2739 | G15: (4) | H15: =B15/$B$29 -> 0.16130072 | J15: =D15*H15 -> 0.0078303172
A16: AFR Finalization | B16: =SUM('Table 3.28-REC Volume'!G19,'Table 3.28-REC Volume'!G23) -> 50848.658 | C16: (5) | D16: =F16/B16 -> 0 | F16: 0 | H16: =B16/$B$29 -> 0.13441064 | J16: =D16*H16 -> 0
A17: REC Site Finalization, Non-ACS Pieces | B17: =SUM('Table 3.28-REC Volume'!H19) -> 7140.9077 | C17: (5) | D17: =F17/B17 -> 0.10707332 | F17: ='Table 3.26-REC Detail NonACS'!K19 -> 764.60071 | G17: (6) | H17: =B17/$B$29 -> 0.018875896 | J17: =D17*H17 -> 0.0020211048
A18: REC Site Finalization, ACS Pieces (17) | B18: =SUM('Table 3.28-REC Volume'!H23) -> 2116.5126 | C18: (5) | D18: =F18/B18 -> 0.053536661 | F18: ='Table 3.26-REC Detail NonACS'!K23 -> 113.31102 | G18: (6) | H18: =B18/$B$29 -> 0.0055946769 | J18: =D18*H18 -> 0.00029952032
A19: CIOSS Rejects - CFS Unit Processing | B19: ='Table 3.21-CFS CIOSS Rejs'!B9-B9 -> 915.32099 | C19: (11) | D19: ='Table 3.21-CFS CIOSS Rejs'!I9 -> 0.32800427 | E19: (8) | F19: =B19*D19 -> 300.22919 | H19: =B19/$B$29 -> 0.0024195108 | J19: =D19*H19 -> 0.00079360987
A20: Total | B20: =B13 -> 61021.399 | D20: =F20/B20 -> 0.19065683 | F20: =SUM(F13:F19) -> 11634.146 | J20: =SUM(J13:J19) -> 0.030753084
A22: Downstream Activities (3)
A23: Mailstream Processing & Transportation | B23: =SUM(B10,B20) -> 378308.29 | D23: ='Table 3.30-UAA MP Cost'!D8 -> 0.15496837 | E23: (13) | F23: =B23*D23 -> 58625.819 | H23: =B23/$B$29 -> 1 | J23: =D23*H23 -> 0.15496837
A24: Destinating Accountable Mail Unit | B24: ='Table 3.35-PD Vols'!B6 -> 0 | C24: (12) | D24: ='Table 3.32-Accounting Post Due'!I7 -> 3.0195033 | E24: (14) | F24: =B24*D24 -> 0 | H24: =B24/$B$29 -> 0 | J24: =D24*H24 -> 0
A25: Collection Postage Due - Carrier | B25: ='Table 3.35-PD Vols'!B7 -> 0 | C25: (12) | D25: ='Table 3.33-Delivery Post Due'!I11 -> 0.9129758 | E25: (15) | F25: =B25*D25 -> 0 | H25: =B25/$B$29 -> 0 | J25: =D25*H25 -> 0
A26: Collection Postage Due - Wind. Serv. | B26: ='Table 3.35-PD Vols'!B8 -> 0 | C26: (12) | D26: ='Table 3.34-Window Post Due'!I7 -> 0.5277623 | E26: (16) | F26: =B26*D26 -> 0 | H26: =B26/$B$29 -> 0 | J26: =D26*H26 -> 0
A27: Total | B27: =B23 -> 378308.29 | D27: =F27/B27 -> 0.15496837 | F27: =SUM(F23:F26) -> 58625.819 | J27: =SUM(J23:J26) -> 0.15496837
A29: Total PARS Pieces | B29: =SUM(B10,B20) -> 378308.29 | F29: =SUM(F10,F20,F27) -> 89393.722 | J29: =SUM(J10,J20,J27) -> 0.23629861
A32: checks ---> | B32: =B5-SUM(B6:B9) -> 0 | G32: route module ---> | H32: =SUM('Table 3.16-Route UAA PARS'!J106) -> 7030.3672 | J32: =SUM(F13) -> 7030.3672 | K32: =H32-J32 -> 0
B33: =B15-SUM(B16:B19) -> 0 | G33: nixie module ---> | H33: =SUM('Table 3.18-Nixie UAA'!I6) -> 463.36451 | J33: =SUM(F14) -> 463.36451 | K33: =H33-J33 -> 0
B34: =B29-SUM('Table 3.23-CIOSS Summary'!C4,'Table 3.23-CIOSS Summary'!C8,'Table 3.23-CIOSS Summary'!C11) -> 0 | G34: cfs module ---> | H34: =SUM('Table 3.21-CFS CIOSS Rejs'!H9) -> 1861.301 | J34: =SUM(F9,F19) -> 1861.301 | K34: =H34-J34 -> 0
G35: cioss module ---> | H35: =SUM('Table 3.23-CIOSS Summary'!I4,'Table 3.23-CIOSS Summary'!I8,'Table 3.23-CIOSS Summary'!I11) -> 18364.914 | J35: =SUM(F5,F15) -> 18364.914 | K35: =H35-J35 -> 0
G36: rec module ---> | H36: ='Table 3.25-REC Summary'!K4+'Table 3.25-REC Summary'!K8 -> 3047.9562 | J36: =SUM(F7:F8,F17:F18) -> 3047.9562 | K36: =H36-J36 -> 0
G37: mp trans module ---> | H37: ='Table 3.30-UAA MP Cost'!F8 -> 58625.819 | J37: =F23 -> 58625.819 | K37: =H37-J37 -> 0
G38: pd module ---> | H38: =SUM(F24:F26) -> 0 | J38: =SUM(F24:F26) -> 0 | K38: =H38-J38 -> 0
G39: Total ---> | H39: =SUM(H32:H38) -> 89393.722 | J39: =SUM(J32:J38) -> 89393.722 | K39: =H39-J39 -> 0
A41: Notes:
A42: (1) COA mail that is intercepted at the plant and forwarded. | E42: (12) Refer to Table 3.35.
A43: (2) COA mail that is identified by carriers at the original delivery unit as being forwarded. | E43: (13) Refer to Table 3.30.
A44: (3) Activities that occur after mail has been redirected. | E44: (14) Refer to Table 3.32.
A45: (4) Refer to Table 3.24. | E45: (15) Refer to Table 3.33.
A46: (5) Refer to Table 3.28. | E46: (16) Refer to Table 3.34.
A47: (6) Refer to Table 3.26. | E47: (17) Excludes Address Change Service (ACS) keying.
A48: (7) Refer to Table 3.21 after subtracting out carrier-identified forwarded mail.
A49: (8) Refer to Table 3.21.
A50: (9) Refer to Table 3.16.
A51: (10) Refer to Table 3.18.
A52: (11) Refer to Table 3.21 after subtracting out plant-intercepted forwarded mail.

Sheet Table 3.4-NonPARS Fwd Summary
A1: Table 3.4 - Cost of Forwarded UAA Mail, Non-PARS Pieces
A2: PARS Environment, FY 25
B3: Volume (000s) | D3: Cost/Piece | F3: Total Cost (000s) | H3: Frequency | J3: Cost Contribution
A4: Delivery Unit Hand Forwarded (1)
A5: Carrier Preparation | B5: ='Table 3.15-Route UAA NoPARS'!D102 -> 32140.753 | C5: (4) | D5: =F5/B5 -> 0.14896525 | F5: ='Table 3.15-Route UAA NoPARS'!J102 -> 4787.8552 | G5: (4) | H5: =B5/$B$24 -> 0.63377113 | J5: =D5*H5 -> 0.094409873
A6: Clerk Handling - Prep/Mark Up | B6: =SUM('Table 3.18-Nixie UAA'!D15,'Table 3.18-Nixie UAA'!D24) -> 32140.753 | C6: (5) | D6: =F6/B6 -> 0.14241007 | F6: =SUM('Table 3.18-Nixie UAA'!I15,'Table 3.18-Nixie UAA'!I24) -> 4577.167 | G6: (5) | H6: =B6/$B$24 -> 0.63377113 | J6: =D6*H6 -> 0.090255394
A7: Originating Postage Due Unit | B7: =SUM('Table 3.31-Rating Post Due'!B12,'Table 3.31-Rating Post Due'!B20) -> 211.22318 | C7: (6) | D7: =F7/B7 -> 0.22330302 | F7: =SUM('Table 3.31-Rating Post Due'!H12,'Table 3.31-Rating Post Due'!H20) -> 47.166773 | G7: (6) | H7: =B7/$B$24 -> 0.0041650285 | J7: =D7*H7 -> 0.00093006345
A8: Total | B8: =B5 -> 32140.753 | D8: =F8/B8 -> 0.29284283 | F8: =SUM(F5:F7) -> 9412.1889 | J8: =SUM(J5:J7) -> 0.18559533
A10: CFS Unit COA Mail Forwarded (2)
A11: Carrier Preparation | B11: ='Table 3.15-Route UAA NoPARS'!D106 -> 18572.748 | C11: (4) | D11: =F11/B11 -> 0.13900801 | F11: ='Table 3.15-Route UAA NoPARS'!J106 -> 2581.7607 | G11: (4) | H11: =B11/$B$24 -> 0.36622887 | J11: =D11*H11 -> 0.050908746
A12: CFS Processing | B12: ='Table 3.20-CFS Non-CIOSS'!B9 -> 18572.748 | C12: (7) | D12: =F12/B12 -> 0.32800427 | F12: ='Table 3.20-CFS Non-CIOSS'!H9 -> 6091.9407 | G12: (7) | H12: =B12/$B$24 -> 0.36622887 | J12: =D12*H12 -> 0.12012463
A13: CFS Postage Due Unit | B13: ='Table 3.20-CFS Non-CIOSS'!B45+'Table 3.20-CFS Non-CIOSS'!B56 -> 1165.499 | C13: (7) | D13: =F13/B13 -> 0.4339295 | F13: ='Table 3.20-CFS Non-CIOSS'!H45+'Table 3.20-CFS Non-CIOSS'!H56 -> 505.74439 | G13: (7) | H13: =B13/$B$24 -> 0.022982026 | J13: =D13*H13 -> 0.009972579
A14: Total | B14: =B11 -> 18572.748 | D14: =F14/B14 -> 0.49424273 | F14: =SUM(F11:F13) -> 9179.4458 | J14: =SUM(J11:J13) -> 0.18100596
A16: Downstream Activities (3)
A17: Mailstream Processing & Transportation | B17: =SUM(B8,B14) -> 50713.501 | D17: ='Table 3.30-UAA MP Cost'!D16 -> 0.51031841 | E17: (10) | F17: =B17*D17 -> 25880.033 | H17: =B17/$B$24 -> 1 | J17: =D17*H17 -> 0.51031841
A18: Destinating Accountable Mail Unit | B18: ='Table 3.35-PD Vols'!D6 -> 1376.7222 | C18: (8) | D18: ='Table 3.32-Accounting Post Due'!I7 -> 3.0195033 | E18: (11) | F18: =B18*D18 -> 4157.0172 | H18: =B18/$B$24 -> 0.027147055 | J18: =D18*H18 -> 0.081970621
A19: Collection Postage Due - Carrier | B19: ='Table 3.35-PD Vols'!D7 -> 1002.8017 | C19: (8) | D19: ='Table 3.33-Delivery Post Due'!I11 -> 0.9129758 | E19: (12) | F19: =B19*D19 -> 915.53372 | H19: =B19/$B$24 -> 0.019773861 | J19: =D19*H19 -> 0.018053057
A20: Collection Postage Due - Wind. Serv. | B20: ='Table 3.35-PD Vols'!D8 -> 373.92043 | C20: (8) | D20: ='Table 3.34-Window Post Due'!I7 -> 0.5277623 | E20: (13) | F20: =B20*D20 -> 197.34111 | H20: =B20/$B$24 -> 0.007373193 | J20: =D20*H20 -> 0.0038912933
A21: Prepare and Mail Form 3546 | B21: ='Table 3.36-Process Form 3546'!B4 -> 794.94389 | C21: (9) | D21: ='Table 3.36-Process Form 3546'!J17 -> 5.2682396 | E21: (9) | F21: =B21*D21 -> 4187.9549 | H21: =B21/$B$24 -> 0.015675193 | J21: =D21*H21 -> 0.082580671
A22: Total | B22: =B17 -> 50713.501 | D22: =F22/B22 -> 0.69681406 | F22: =SUM(F17:F21) -> 35337.88 | J22: =SUM(J17:J21) -> 0.69681406
A24: Total Non-PARS Pieces | B24: =SUM(B8,B14) -> 50713.501 | F24: =SUM(F8,F14,F22) -> 53929.515 | J24: =SUM(J8,J14,J22) -> 1.0634153
A27: checks ---> | G27: route module ---> | H27: =SUM('Table 3.15-Route UAA NoPARS'!J102,'Table 3.15-Route UAA NoPARS'!J106) -> 7369.6159 | J27: =SUM(F5,F11) -> 7369.6159 | K27: =H27-J27 -> 0
G28: nixie module ---> | H28: =SUM('Table 3.18-Nixie UAA'!I15,'Table 3.18-Nixie UAA'!I24)+SUM('Table 3.31-Rating Post Due'!H12,'Table 3.31-Rating Post Due'!H20) -> 4624.3337 | J28: =SUM(F6:F7) -> 4624.3337 | K28: =H28-J28 -> 0
G29: cfs module ---> | H29: =SUM('Table 3.20-CFS Non-CIOSS'!H9,'Table 3.20-CFS Non-CIOSS'!H45,'Table 3.20-CFS Non-CIOSS'!H56) -> 6597.6851 | J29: =SUM(F12:F13) -> 6597.6851 | K29: =H29-J29 -> 0
G30: mp trans module ---> | H30: ='Table 3.30-UAA MP Cost'!F16 -> 25880.033 | J30: =F17 -> 25880.033 | K30: =H30-J30 -> 0
G31: pd module ---> | H31: =SUM(F18:F21) -> 9457.8469 | J31: =SUM(F18:F21) -> 9457.8469 | K31: =H31-J31 -> 0
G32: Total ---> | H32: =SUM(H27:H31) -> 53929.515 | J32: =SUM(J27:J31) -> 53929.515 | K32: =H32-J32 -> 0
A34: Notes:
A35: (1) Mail being hand forwarded from the delivery unit. | C35: (8) Refer to Table 3.35.
A36: (2) Mail directly sent to CFS unit which is then forwarded. | C36: (9) Refer to Table 3.36.
A37: (3) Activities that occur after mail has been redirected. | C37: (10) Refer to Table 3.30.
A38: (4) Refer to Table 3.15. | C38: (11) Refer to Table 3.32.
A39: (5) Refer to Table 3.18. | C39: (12) Refer to Table 3.33.
A40: (6) Refer to Table 3.31. | C40: (13) Refer to Table 3.34.
A41: (7) Refer to Table 3.20.

Sheet Table 3.5-Total RTS Summary
A1: Table 3.5 - Cost of Returned-to-Sender UAA Mail, All Pieces
A2: PARS Environment, FY 25
B3: Volume (000s) | D3: Cost/Piece | F3: Total Cost (000s) | H3: Frequency | J3: Cost Contribution
A5: PARS Pieces (1)
A6: Plant-Intercepted Old COA RTS | B6: ='Table 3.6-PARS RTS Summary'!B10 -> 16936.488 | D6: =F6/B6 -> 0.058504509 | F6: ='Table 3.6-PARS RTS Summary'!F10 -> 990.86094 | H6: =B6/$B$38 -> 0.01375442 | J6: =D6*H6 -> 0.00080469557
A7: Plant-Intercepted COA Mail RTS | B7: ='Table 3.6-PARS RTS Summary'!B18 -> 169632.35 | D7: =F7/B7 -> 0.061095796 | F7: ='Table 3.6-PARS RTS Summary'!F18 -> 10363.823 | H7: =B7/$B$38 -> 0.13776141 | J7: =D7*H7 -> 0.0084166429
A8: Carrier-Identified COA Mail RTS | B8: ='Table 3.6-PARS RTS Summary'!B28 -> 32624.113 | D8: =F8/B8 -> 0.19382255 | F8: ='Table 3.6-PARS RTS Summary'!F28 -> 6323.2888 | H8: =B8/$B$38 -> 0.026494615 | J8: =D8*H8 -> 0.0051352539
A9: Carrier-Identified Nixie Mail RTS | B9: ='Table 3.6-PARS RTS Summary'!B38 -> 770334.76 | D9: =F9/B9 -> 0.16624957 | F9: ='Table 3.6-PARS RTS Summary'!F38 -> 128067.82 | H9: =B9/$B$38 -> 0.62560238 | J9: =D9*H9 -> 0.10400613
A10: Plant-Intercepted ACS Nixie Mail RTS | B10: ='Table 3.6-PARS RTS Summary'!B49 -> 3847.4579 | D10: =F10/B10 -> 0.05280218 | F10: ='Table 3.6-PARS RTS Summary'!F49 -> 203.15416 | H10: =B10/$B$38 -> 0.0031245881 | J10: =D10*H10 -> 0.00016498506
A11: Carrier-Identified ACS Nixie Mail RTS | B11: ='Table 3.6-PARS RTS Summary'!B59 -> 131087.13 | D11: =F11/B11 -> 0.15320937 | F11: ='Table 3.6-PARS RTS Summary'!F59 -> 20083.776 | H11: =B11/$B$38 -> 0.10645816 | J11: =D11*H11 -> 0.016310387
A12: Total | B12: =SUM(B6:B11) -> 1124462.3 | D12: =F12/B12 -> 0.14765522 | F12: =SUM(F6:F11) -> 166032.72 | H12: =B12/$B$38 -> 0.91319557 | J12: =SUM(J6:J11) -> 0.13483809
A14: Downstream Activities
A15: Mailstream Processing & Transportation | B15: ='Table 3.6-PARS RTS Summary'!B62 -> 1124462.3 | D15: =F15/B15 -> 0.15496837 | F15: ='Table 3.6-PARS RTS Summary'!F62 -> 174256.09 | H15: =B15/$B$38 -> 0.91319557 | J15: =D15*H15 -> 0.14151643
A16: Destinating Accountable Mail Unit | B16: ='Table 3.6-PARS RTS Summary'!B63 -> 1114.2542 | D16: =F16/B16 -> 3.0195033 | F16: ='Table 3.6-PARS RTS Summary'!F63 -> 3364.4941 | H16: =B16/$B$38 -> 0.00090490537 | J16: =D16*H16 -> 0.0027323648
A17: Collection Postage Due - Carrier | B17: ='Table 3.6-PARS RTS Summary'!B64 -> 921.92894 | D17: =F17/B17 -> 0.9129758 | F17: ='Table 3.6-PARS RTS Summary'!F64 -> 841.69881 | H17: =B17/$B$38 -> 0.00074871468 | J17: =D17*H17 -> 0.00068355839
A18: Collection Postage Due - Wind. Serv. | B18: ='Table 3.6-PARS RTS Summary'!B65 -> 106.06226 | D18: =F18/B18 -> 0.5277623 | F18: ='Table 3.6-PARS RTS Summary'!F65 -> 55.975663 | H18: =B18/$B$38 -> 8.6135025e-05 | J18: =D18*H18 -> 4.5458819e-05
A19: Total | B19: =B15 -> 1124462.3 | D19: =F19/B19 -> 0.15875878 | F19: =SUM(F15:F18) -> 178518.26 | H19: =B19/$B$38 -> 0.91319557 | J19: =SUM(J15:J18) -> 0.14497781
A21: Total PARS Pieces | B21: =B12 -> 1124462.3 | D21: =F21/B21 -> 0.30641399 | F21: =SUM(F12,F19) -> 344550.98 | H21: =B21/$B$38 -> 0.91319557 | J21: =J12+J19 -> 0.2798159
A23: Non-PARS Pieces (2)
A24: Delivery Unit RTS | B24: ='Table 3.7-NonPARS RTS Summary'!B8 -> 36777.475 | D24: =F24/B24 -> 0.63877381 | F24: ='Table 3.7-NonPARS RTS Summary'!F8 -> 23492.488 | H24: =B24/$B$38 -> 0.029867634 | J24: =D24*H24 -> 0.019078662
A25: CFS Unit COA Mail RTS | B25: ='Table 3.7-NonPARS RTS Summary'!B14 -> 59033.92 | D25: =F25/B25 -> 0.48596785 | F25: ='Table 3.7-NonPARS RTS Summary'!F14 -> 28688.587 | H25: =B25/$B$38 -> 0.047942483 | J25: =D25*H25 -> 0.023298506
A26: CFS Unit ACS Nixie RTS | B26: ='Table 3.7-NonPARS RTS Summary'!B20 -> 11075.134 | D26: =F26/B26 -> 0.17376955 | F26: ='Table 3.7-NonPARS RTS Summary'!F20 -> 1924.5212 | H26: =B26/$B$38 -> 0.0089943112 | J26: =D26*H26 -> 0.0015629374
A27: Total | B27: =SUM(B24:B26) -> 106886.53 | D27: =F27/B27 -> 0.50619659 | F27: =SUM(F24:F26) -> 54105.597 | H27: =B27/$B$38 -> 0.086804428 | J27: =SUM(J24:J26) -> 0.043940105
A29: Downstream Activities
A30: Mailstream Processing & Transportation | B30: ='Table 3.7-NonPARS RTS Summary'!B23 -> 106886.53 | D30: =F30/B30 -> 0.70954608 | F30: ='Table 3.7-NonPARS RTS Summary'!F23 -> 75840.918 | H30: =B30/$B$38 -> 0.086804428 | J30: =D30*H30 -> 0.061591742
A31: Destinating Accountable Mail Unit | B31: ='Table 3.7-NonPARS RTS Summary'!B24 -> 8586.9577 | D31: =F31/B31 -> 3.0195033 | F31: ='Table 3.7-NonPARS RTS Summary'!F24 -> 25928.347 | H31: =B31/$B$38 -> 0.0069736191 | J31: =D31*H31 -> 0.021056866
A32: Collection Postage Due - Carrier | B32: ='Table 3.7-NonPARS RTS Summary'!B25 -> 5482.023 | D32: =F32/B32 -> 0.9129758 | F32: ='Table 3.7-NonPARS RTS Summary'!F25 -> 5004.9543 | H32: =B32/$B$38 -> 0.0044520471 | J32: =D32*H32 -> 0.0040646113
A33: Collection Postage Due - Wind. Serv. | B33: ='Table 3.7-NonPARS RTS Summary'!B26 -> 955.474 | D33: =F33/B33 -> 0.5277623 | F33: ='Table 3.7-NonPARS RTS Summary'!F26 -> 504.26315 | H33: =B33/$B$38 -> 0.00077595721 | J33: =D33*H33 -> 0.00040952096
A34: Total | B34: =B30 -> 106886.53 | D34: =F34/B34 -> 1.003667 | F34: =SUM(F30:F33) -> 107278.48 | H34: =B34/$B$38 -> 0.086804428 | J34: =SUM(J30:J33) -> 0.08712274
A36: Total Non-PARS Pieces | B36: =B27 -> 106886.53 | D36: =F36/B36 -> 1.5098636 | F36: =SUM(F27,F34) -> 161384.08 | H36: =B36/$B$38 -> 0.086804428 | J36: =J27+J34 -> 0.13106285
A38: Grand Total | B38: =SUM(B21,B36) -> 1231348.8 | F38: =SUM(F21,F36) -> 505935.06 | J38: =SUM(J21,J36) -> 0.41087875
A41: checks ---> | B41: 0 | G41: route module ---> | H41: =SUM('Table 3.14-Route UAA'!J99:J100,'Table 3.14-Route UAA'!J107) -> 123710.93 | J41: ='Table 3.6-PARS RTS Summary'!J71+'Table 3.7-NonPARS RTS Summary'!J32 -> 123710.93 | K41: =H41-J41 -> 0
B42: 0 | G42: nixie module ---> | H42: =SUM('Table 3.18-Nixie UAA'!I7,'Table 3.18-Nixie UAA'!I9:I10,'Table 3.18-Nixie UAA'!I16,'Table 3.18-Nixie UAA'!I19,'Table 3.18-Nixie UAA'!I25:I25,'Table 3.18-Nixie UAA'!I28,'Table 3.18-Nixie UAA'!I33:I34,'Table 3.18-Nixie UAA'!I36)+SUM('Table 3.31-Rating Post Due'!H8,'Table 3.31-Rating Post Due'!H13,'Table 3.31-Rating Post Due'!H25) -> 27168.226 | J42: ='Table 3.6-PARS RTS Summary'!J72+'Table 3.7-NonPARS RTS Summary'!J33 -> 27168.226 | K42: =H42-J42 -> 0
B43: 0 | G43: cfs module ---> | H43: =SUM('Table 3.20-CFS Non-CIOSS'!H14,'Table 3.20-CFS Non-CIOSS'!H50,'Table 3.20-CFS Non-CIOSS'!H71,'Table 3.21-CFS CIOSS Rejs'!H14,'Table 3.21-CFS CIOSS Rejs'!H71) -> 23268.079 | J43: ='Table 3.6-PARS RTS Summary'!J73+'Table 3.7-NonPARS RTS Summary'!J34 -> 23268.079 | K43: =H43-J43 -> 0
G44: cioss module ---> | H44: =SUM('Table 3.23-CIOSS Summary'!I5,'Table 3.23-CIOSS Summary'!I9,'Table 3.23-CIOSS Summary'!I12) -> 30449.431 | J44: ='Table 3.6-PARS RTS Summary'!J74 -> 30449.431 | K44: =H44-J44 -> 0
G45: rec module ---> | H45: =SUM('Table 3.25-REC Summary'!K5,'Table 3.25-REC Summary'!K9,'Table 3.25-REC Summary'!K12) -> 15541.654 | J45: ='Table 3.6-PARS RTS Summary'!J75 -> 15541.654 | K45: =H45-J45 -> 0
G46: mp trans module ---> | H46: ='Table 3.6-PARS RTS Summary'!H76+'Table 3.7-NonPARS RTS Summary'!H35 -> 250097.01 | J46: ='Table 3.6-PARS RTS Summary'!J76+'Table 3.7-NonPARS RTS Summary'!J35 -> 250097.01 | K46: =H46-J46 -> 0
G47: pd module ---> | H47: =SUM('Table 3.32-Accounting Post Due'!D10:D11)*'Table 3.32-Accounting Post Due'!F10+SUM('Table 3.33-Delivery Post Due'!D14:D18)*'Table 3.33-Delivery Post Due'!F14+SUM('Table 3.34-Window Post Due'!D10:D11)*'Table 3.34-Window Post Due'!F10 -> 35699.733 | J47: ='Table 3.6-PARS RTS Summary'!J77+'Table 3.7-NonPARS RTS Summary'!J36 -> 35699.733 | K47: =H47-J47 -> 0
G48: Total ---> | H48: =SUM(H41:H47) -> 505935.06 | J48: =SUM(J41:J47) -> 505935.06 | K48: =H48-J48 -> 0
A51: Notes:
A52: (1) Refer to Table 3.6.
A53: (2) Refer to Table 3.7.

Sheet Table 3.6-PARS RTS Summary
A1: Table 3.6 - Cost of Returned-to-Sender UAA Mail, PARS Pieces -- Part 1
A2: PARS Environment, FY 25
B3: Volume (000s) | D3: Cost/Piece | F3: Total Cost (000s) | H3: Frequency | J3: Cost Contribution
A4: Plant-Intercepted Old COA RTS (1)
A5: CIOSS Processing | B5: ='Table 3.24-CIOSS Detail'!E12 -> 16936.488 | C5: (8) | D5: =F5/B5 -> 0.048544837 | F5: ='Table 3.24-CIOSS Detail'!K12 -> 822.17907 | G5: (8) | H5: =B5/$B$68 -> 0.015061855 | J5: =D5*H5 -> 0.00073117531
A6: AFR Finalization | B6: ='Table 3.28-REC Volume'!G12 -> 15460.982 | C6: (9) | D6: =F6/B6 -> 0 | F6: 0 | H6: =B6/$B$68 -> 0.013749667 | J6: =D6*H6 -> 0
A7: REC Site Finalization, Non-ACS Pieces | B7: ='Table 3.28-REC Volume'!H12 -> 1221.4593 | C7: (9) | D7: =F7/B7 -> 0.10707332 | F7: ='Table 3.26-REC Detail NonACS'!K12 -> 130.78571 | G7: (12) | H7: =B7/$B$68 -> 0.0010862608 | J7: =D7*H7 -> 0.00011630956
A8: REC Site Finalization, ACS Pieces (25) | B8: 0 | D8: 0 | F8: 0 | H8: =B8/$B$68 -> 0 | J8: =D8*H8 -> 0
A9: CIOSS Rejects - Nixie Unit Processing | B9: 254.04733 | C9: (10) | D9: ='Table 3.18-Nixie UAA'!J33 -> 0.14916969 | E9: (11) | F9: =B9*D9 -> 37.89616 | H9: =B9/$B$68 -> 0.00022592783 | J9: =D9*H9 -> 3.3701584e-05
A10: Total | B10: =B5 -> 16936.488 | D10: =F10/B10 -> 0.058504509 | F10: =SUM(F5:F9) -> 990.86094 | J10: =SUM(J5:J9) -> 0.00088118645
A12: Plant-Intercepted COA Mail RTS (2)
A13: CIOSS Processing | B13: =SUM('Table 3.24-CIOSS Detail'!E5,'Table 3.24-CIOSS Detail'!E9) -> 169632.35 | C13: (8) | D13: =F13/B13 -> 0.048544837 | F13: =SUM('Table 3.24-CIOSS Detail'!K5,'Table 3.24-CIOSS Detail'!K9) -> 8234.7747 | G13: (8) | H13: =B13/$B$68 -> 0.15085641 | J13: =D13*H13 -> 0.0073233
A14: AFR Finalization | B14: =SUM('Table 3.28-REC Volume'!G5,'Table 3.28-REC Volume'!G9) -> 154853.98 | C14: (9) | D14: =F14/B14 -> 0 | F14: 0 | H14: =B14/$B$68 -> 0.1377138 | J14: =D14*H14 -> 0
A15: REC Site Finalization, Non-ACS Pieces | B15: =SUM('Table 3.28-REC Volume'!H5) -> 11944.813 | C15: (9) | D15: =F15/B15 -> 0.10707332 | F15: =SUM('Table 3.26-REC Detail NonACS'!K5) -> 1278.9708 | G15: (12) | H15: =B15/$B$68 -> 0.010622689 | J15: =D15*H15 -> 0.0011374066
A16: REC Site Finalization, ACS Pieces (25) | B16: =SUM('Table 3.28-REC Volume'!H9) -> 289.06988 | C16: (9) | D16: =F16/B16 -> 0.053536661 | F16: =SUM('Table 3.26-REC Detail NonACS'!K9) -> 15.475836 | G16: (12) | H16: =B16/$B$68 -> 0.00025707388 | J16: =D16*H16 -> 1.3762877e-05
A17: CIOSS Rejects - CFS Unit Processing | B17: 2544.4852 | C17: (13) | D17: ='Table 3.21-CFS CIOSS Rejs'!I13 -> 0.32800427 | E17: (14) | F17: =B17*D17 -> 834.60202 | H17: =B17/$B$68 -> 0.0022628462 | J17: =D17*H17 -> 0.00074222322
A18: Total | B18: =B13 -> 169632.35 | D18: =F18/B18 -> 0.061095796 | F18: =SUM(F13:F17) -> 10363.823 | J18: =SUM(J13:J17) -> 0.0092166927
A20: Carrier-Identified COA Mail RTS (3)
A21: Carrier Preparation | B21: ='Table 3.16-Route UAA PARS'!D107 -> 32624.113 | C21: (15) | D21: =F21/B21 -> 0.11671223 | F21: ='Table 3.16-Route UAA PARS'!J107 -> 3807.633 | G21: (15) | H21: =B21/$B$68 -> 0.029013079 | J21: =D21*H21 -> 0.0033861811
A22: Clerk Handling - Prep for CIOSS | B22: ='Table 3.18-Nixie UAA'!D7 -> 32624.113 | C22: (11) | D22: =F22/B22 -> 0.0075934757 | F22: ='Table 3.18-Nixie UAA'!I7 -> 247.73041 | G22: (11) | H22: =B22/$B$68 -> 0.029013079 | J22: =D22*H22 -> 0.00022031011
A23: CIOSS Processing | B23: =SUM('Table 3.24-CIOSS Detail'!E20,'Table 3.24-CIOSS Detail'!E24) -> 32624.113 | C23: (8) | D23: =F23/B23 -> 0.048544837 | F23: =SUM('Table 3.24-CIOSS Detail'!K20,'Table 3.24-CIOSS Detail'!K24) -> 1583.7322 | G23: (8) | H23: =B23/$B$68 -> 0.029013079 | J23: =D23*H23 -> 0.0014084352
A24: AFR Finalization | B24: =SUM('Table 3.28-REC Volume'!G20,'Table 3.28-REC Volume'!G24) -> 27185.42 | C24: (9) | D24: =F24/B24 -> 0 | F24: 0 | H24: =B24/$B$68 -> 0.024176373 | J24: =D24*H24 -> 0
A25: REC Site Finalization, Non-ACS Pieces | B25: =SUM('Table 3.28-REC Volume'!H20) -> 4832.3855 | C25: (9) | D25: =F25/B25 -> 0.10707332 | F25: =SUM('Table 3.26-REC Detail NonACS'!K20) -> 517.41956 | G25: (12) | H25: =B25/$B$68 -> 0.0042975078 | J25: =D25*H25 -> 0.00046014843
A26: REC Site Finalization, ACS Pieces (25) | B26: =SUM('Table 3.28-REC Volume'!H24) -> 116.94591 | C26: (9) | D26: =F26/B26 -> 0.053536661 | F26: =SUM('Table 3.26-REC Detail NonACS'!K24) -> 6.2608937 | G26: (12) | H26: =B26/$B$68 -> 0.00010400163 | J26: =D26*H26 -> 5.5679001e-06
A27: CIOSS Rejects - CFS Unit Processing | B27: ='Table 3.21-CFS CIOSS Rejs'!B14-B17 -> 489.36169 | C27: (16) | D27: ='Table 3.21-CFS CIOSS Rejs'!I13 -> 0.32800427 | E27: (14) | F27: =B27*D27 -> 160.51273 | H27: =B27/$B$68 -> 0.00043519618 | J27: =D27*H27 -> 0.00014274621
A28: Total | B28: =B21 -> 32624.113 | D28: =F28/B28 -> 0.19382255 | F28: =SUM(F21:F27) -> 6323.2888 | J28: =SUM(J21:J27) -> 0.0056233889
A30: Carrier-Identified Nixie Mail RTS (4)
A31: Carrier Preparation | B31: ='Table 3.16-Route UAA PARS'!D99 -> 770334.76 | C31: (15) | D31: =F31/B31 -> 0.11690357 | F31: ='Table 3.16-Route UAA PARS'!J99 -> 90054.881 | G31: (15) | H31: =B31/$B$68 -> 0.68506944 | J31: =D31*H31 -> 0.080087062
A32: Clerk Handling - Prep for CIOSS | B32: ='Table 3.18-Nixie UAA'!D9 -> 770334.76 | C32: (11) | D32: =F32/B32 -> 0.0091023433 | F32: ='Table 3.18-Nixie UAA'!I9 -> 7011.8514 | G32: (11) | H32: =B32/$B$68 -> 0.68506944 | J32: =D32*H32 -> 0.0062357373
A33: CIOSS Processing | B33: =SUM('Table 3.24-CIOSS Detail'!E27,'Table 3.24-CIOSS Detail'!E34) -> 770334.76 | C33: (8) | D33: =F33/B33 -> 0.021762259 | F33: =SUM('Table 3.24-CIOSS Detail'!K27,'Table 3.24-CIOSS Detail'!K34) -> 16764.225 | G33: (8) | H33: =B33/$B$68 -> 0.68506944 | J33: =D33*H33 -> 0.014908659
A34: AFR Finalization | B34: =SUM('Table 3.28-REC Volume'!G27,'Table 3.28-REC Volume'!G34) -> 641913.97 | C34: (9) | D34: =F34/B34 -> 0 | F34: 0 | H34: =B34/$B$68 -> 0.57086305 | J34: =D34*H34 -> 0
A35: REC Site Finalization, Non-ACS Pieces | B35: =SUM('Table 3.28-REC Volume'!H27,'Table 3.28-REC Volume'!H34) -> 116865.77 | C35: (9) | D35: =F35/B35 -> 0.10707332 | F35: =SUM('Table 3.26-REC Detail NonACS'!K27,'Table 3.26-REC Detail NonACS'!K34) -> 12513.206 | G35: (12) | H35: =B35/$B$68 -> 0.10393036 | J35: =D35*H35 -> 0.011128168
A36: REC Site Finalization, ACS Pieces (25) | B36: 0 | D36: 0 | F36: 0 | H36: =B36/$B$68 -> 0 | J36: =D36*H36 -> 0
A37: CIOSS Rejects - Nixie Unit Processing | B37: ='Table 3.18-Nixie UAA'!D33-B9 -> 11555.021 | C37: (17) | D37: ='Table 3.18-Nixie UAA'!J33 -> 0.14916969 | E37: (11) | F37: =B37*D37 -> 1723.6589 | H37: =B37/$B$68 -> 0.010276042 | J37: =D37*H37 -> 0.0015328739
A38: Total | B38: =B31 -> 770334.76 | F38: =SUM(F31:F37) -> 128067.82 | J38: =SUM(J31:J37) -> 0.1138925
A40: Table 3.6 - Cost of Returned-to-Sender UAA Mail, PARS Pieces -- Part 2
A41: PARS Environment, FY 25
B42: Volume (000s) | D42: Cost/Piece | F42: Total Cost (000s) | H42: Frequency | J42: Cost Contribution
A43: Plant-Intercepted ACS Nixie Mail RTS (5)
A44: CIOSS Processing | B44: ='Table 3.24-CIOSS Detail'!E15 -> 3847.4579 | C44: (8) | D44: =F44/B44 -> 0.048544837 | F44: ='Table 3.24-CIOSS Detail'!K15 -> 186.77422 | G44: (8) | H44: =B44/$B$68 -> 0.003421598 | J44: =D44*H44 -> 0.00016610092
A45: AFR Finalization | B45: ='Table 3.28-REC Volume'!G15 -> 3512.2674 | C45: (9) | D45: =F45/B45 -> 0 | F45: 0 | H45: =B45/$B$68 -> 0.0031235084 | J45: =D45*H45 -> 0
A46: REC Site Finalization, Non-ACS Pieces | B46: 0 | D46: 0 | F46: 0 | H46: =B46/$B$68 -> 0 | J46: =D46*H46 -> 0
A47: REC Site Finalization, ACS Pieces (25) | B47: ='Table 3.28-REC Volume'!H15 -> 277.47862 | C47: (9) | D47: =F47/B47 -> 0.053536661 | F47: =SUM('Table 3.26-REC Detail NonACS'!K15) -> 14.855279 | G47: (12) | H47: =B47/$B$68 -> 0.00024676561 | J47: =D47*H47 -> 1.3211007e-05
A48: CIOSS Rejects - CFS Unit Processing | B48: 57.711868 | C48: (18) | D48: ='Table 3.21-CFS CIOSS Rejs'!I71 -> 0.026418631 | E48: (14) | F48: =B48*D48 -> 1.5246685 | H48: =B48/$B$68 -> 5.132397e-05 | J48: =D48*H48 -> 1.355909e-06
A49: Total | B49: =B44 -> 3847.4579 | D49: =F49/B49 -> 0.05280218 | F49: =SUM(F44:F48) -> 203.15416 | J49: =SUM(J44:J48) -> 0.00018066783
A51: Carrier-Identified ACS Nixie Mail RTS (6)
A52: Carrier Preparation | B52: ='Table 3.16-Route UAA PARS'!D100 -> 131087.13 | C52: (15) | D52: =F52/B52 -> 0.11529733 | F52: ='Table 3.16-Route UAA PARS'!J100 -> 15113.996 | G52: (15) | H52: =B52/$B$68 -> 0.11657761 | J52: =D52*H52 -> 0.013441087
A53: Clerk Handling - Prep for CIOSS | B53: ='Table 3.18-Nixie UAA'!D10 -> 131087.13 | C53: (11) | D53: =F53/B53 -> 0.0075934757 | F53: ='Table 3.18-Nixie UAA'!I10 -> 995.40691 | G53: (11) | H53: =B53/$B$68 -> 0.11657761 | J53: =D53*H53 -> 0.00088522925
A54: CIOSS Processing | B54: =SUM('Table 3.24-CIOSS Detail'!E30,'Table 3.24-CIOSS Detail'!E36) -> 131087.13 | C54: (8) | D54: =F54/B54 -> 0.021800354 | F54: =SUM('Table 3.24-CIOSS Detail'!K30,'Table 3.24-CIOSS Detail'!K36) -> 2857.7458 | G54: (8) | H54: =B54/$B$68 -> 0.11657761 | J54: =D54*H54 -> 0.0025414332
A55: AFR Finalization | B55: =SUM('Table 3.28-REC Volume'!G30,'Table 3.28-REC Volume'!G36) -> 109233.88 | C55: (9) | D55: =F55/B55 -> 0 | F55: 0 | H55: =B55/$B$68 -> 0.097143217 | J55: =D55*H55 -> 0
A56: REC Site Finalization, Non-ACS Pieces | B56: 0 | D56: 0 | F56: 0 | H56: =B56/$B$68 -> 0 | J56: =D56*H56 -> 0
A57: REC Site Finalization, ACS Pieces (25) | B57: =SUM('Table 3.28-REC Volume'!H30,'Table 3.28-REC Volume'!H36) -> 19886.936 | C57: (9) | D57: =F57/B57 -> 0.053536661 | F57: =SUM('Table 3.26-REC Detail NonACS'!K30,'Table 3.26-REC Detail NonACS'!K36) -> 1064.6801 | G57: (12) | H57: =B57/$B$68 -> 0.017685729 | J57: =D57*H57 -> 0.00094683488
A58: CIOSS Rejects - CFS Unit Processing | B58: ='Table 3.21-CFS CIOSS Rejs'!B71-B48 -> 1966.3069 | C58: (19) | D58: ='Table 3.21-CFS CIOSS Rejs'!I71 -> 0.026418631 | E58: (14) | F58: =B58*D58 -> 51.947136 | H58: =B58/$B$68 -> 0.0017486642 | J58: =D58*H58 -> 4.6197312e-05
A59: Total | B59: =B52 -> 131087.13 | D59: =F59/B59 -> 0.15320937 | F59: =SUM(F52:F58) -> 20083.776 | J59: =SUM(J52:J58) -> 0.017860782
A61: Downstream Activities (7)
A62: Mailstream Processing & Transportation | B62: =SUM(B10,B18,B28,B38,B49,B59) -> 1124462.3 | D62: ='Table 3.30-UAA MP Cost'!D24 -> 0.15496837 | E62: (21) | F62: =B62*D62 -> 174256.09 | H62: =B62/$B$68 -> 1 | J62: =D62*H62 -> 0.15496837
A63: Destinating Accountable Mail Unit | B63: ='Table 3.35-PD Vols'!B14 -> 1114.2542 | C63: (20) | D63: ='Table 3.32-Accounting Post Due'!I13 -> 3.0195033 | E63: (22) | F63: =B63*D63 -> 3364.4941 | H63: =B63/$B$68 -> 0.00099092177 | J63: =D63*H63 -> 0.0029920916
A64: Collection Postage Due - Carrier | B64: ='Table 3.35-PD Vols'!B15 -> 921.92894 | C64: (20) | D64: ='Table 3.33-Delivery Post Due'!I20 -> 0.9129758 | E64: (23) | F64: =B64*D64 -> 841.69881 | H64: =B64/$B$68 -> 0.00081988427 | J64: =D64*H64 -> 0.0007485345
A65: Collection Postage Due - Wind. Serv. | B65: ='Table 3.35-PD Vols'!B16 -> 106.06226 | C65: (20) | D65: ='Table 3.34-Window Post Due'!I13 -> 0.5277623 | E65: (24) | F65: =B65*D65 -> 55.975663 | H65: =B65/$B$68 -> 9.4322649e-05 | J65: =D65*H65 -> 4.9779938e-05
A66: Total | B66: =B62 -> 1124462.3 | D66: =F66/B66 -> 0.15875878 | F66: =SUM(F62:F65) -> 178518.26 | J66: =SUM(J62:J65) -> 0.15875878
A68: Total PARS Pieces | B68: =SUM(B10,B18,B28,B38,B49,B59) -> 1124462.3 | F68: =SUM(F10,F18,F28,F38,F49,F59,F66) -> 344550.98 | J68: =SUM(J10,J18,J28,J38,J49,J59,J66) -> 0.30641399
A71: checks ---> | B71: =B5-SUM(B6:B9) -> 0 | G71: route module ---> | H71: =SUM('Table 3.16-Route UAA PARS'!J99,'Table 3.16-Route UAA PARS'!J100,'Table 3.16-Route UAA PARS'!J107) -> 108976.51 | J71: =SUM(F21,F31,F52) -> 108976.51 | K71: =H71-J71 -> 0
B72: =B13-SUM(B14:B17) -> 0 | G72: nixie module ---> | H72: =SUM('Table 3.18-Nixie UAA'!I7,'Table 3.18-Nixie UAA'!I9,'Table 3.18-Nixie UAA'!I10,'Table 3.18-Nixie UAA'!I33,'Table 3.18-Nixie UAA'!I34) -> 10016.544 | J72: =SUM(F9,F22,F32,F37,F53) -> 10016.544 | K72: =H72-J72 -> 0
B73: =B28-SUM(B24:B27) -> 0 | G73: cfs module ---> | H73: =SUM('Table 3.21-CFS CIOSS Rejs'!H14,'Table 3.21-CFS CIOSS Rejs'!H71) -> 1048.5865 | J73: =SUM(F17,F27,F48,F58) -> 1048.5865 | K73: =H73-J73 -> 0
B74: =B33-SUM(B34:B37) -> 0 | G74: cioss module ---> | H74: =SUM('Table 3.23-CIOSS Summary'!I5,'Table 3.23-CIOSS Summary'!I9,'Table 3.23-CIOSS Summary'!I12) -> 30449.431 | J74: =SUM(F5,F13,F23,F33,F44,F54) -> 30449.431 | K74: =H74-J74 -> 0
B75: =B44-SUM(B45:B48) -> 0 | G75: rec module ---> | H75: =SUM('Table 3.25-REC Summary'!K5,'Table 3.25-REC Summary'!K9,'Table 3.25-REC Summary'!K12) -> 15541.654 | J75: =SUM(F7:F8,F15:F16,F25:F26,F35:F36,F46:F47,F56:F57) -> 15541.654 | K75: =H75-J75 -> 0
B76: =B54-SUM(B55:B58) -> 0 | G76: mp trans module ---> | H76: ='Table 3.30-UAA MP Cost'!F24 -> 174256.09 | J76: =F62 -> 174256.09 | K76: =H76-J76 -> 0
B77: =B68-SUM('Table 3.23-CIOSS Summary'!C5,'Table 3.23-CIOSS Summary'!C9,'Table 3.23-CIOSS Summary'!C12) -> 0 | G77: pd module ---> | H77: =SUM(F63:F65) -> 4262.1686 | J77: =SUM(F63:F65) -> 4262.1686 | K77: =H77-J77 -> 0
G78: Total ---> | H78: =SUM(H71:H77) -> 344550.98 | J78: =SUM(J71:J77) -> 344550.98 | K78: =H78-J78 -> 0
A80: Notes:
A81: (1) Old COA mail (COA age 13-18 months) that is intercepted and returned. | E81: (14) Refer to Table 3.21.
A82: (2) COA mail that is intercepted at the plant and returned. | E82: (15) Refer to Table 3.16.
A83: (3) COA mail that is identified by carriers at the original delivery unit as being RTS. | E83: (16) Refer to Table 3.21 after subtracting out plant-intercepted returned COA mail.
A84: (4) Nixie mail that is identified by carriers at the original delivery unit as being RTS. | E84: (17) Refer to Table 3.18 after subtracting out plant-intercepted old COA returned mail.
A85: (5) ACS nixie mail that is intercepted at the plant (old COA only) and returned. | E85: (18) Refer to Table 7.21 after subtracting out carrier-identified ACS nixie returned mail.
A86: (6) ACS nixie mail that is identified by carriers at the original delivery unit as being RTS. | E86: (19) Refer to Table 7.21 after subtracting out plant-intercepted ACS nixie returned mail.
A87: (7) Activities that occur after mail has been redirected. | E87: (20) Refer to Table 3.35.
A88: (8) Refer to Table 3.24. | E88: (21) Refer to Table 3.30.
A89: (9) Refer to Table 3.28. | E89: (22) Refer to Table 3.32.
A90: (10) Refer to Table 3.18 after subtracting out carrier-identified nixie returned mail. | E90: (23) Refer to Table 3.33.
A91: (11) Refer to Table 3.18. | E91: (24) Refer to Table 3.34.
A92: (12) Refer to Table 3.26. | E92: (25) Excludes Address Change Service (ACS) keying.
A93: (13) Refer to Table 3.21 after subtracting out carrier-identified returned COA mail.

Sheet Table 3.7-NonPARS RTS Summary
A1: Table 3.7 - Cost of Returned-to-Sender UAA Mail, Non-PARS Pieces
A2: PARS Environment, FY 25
B3: Volume (000s) | D3: Cost/Piece | F3: Total Cost (000s) | H3: Frequency | J3: Cost Contribution
A4: Delivery Unit RTS (1)
A5: Carrier Preparation | B5: ='Table 3.15-Route UAA NoPARS'!D99 -> 36777.475 | C5: (5) | D5: =F5/B5 -> 0.17241005 | F5: ='Table 3.15-Route UAA NoPARS'!J99 -> 6340.8062 | G5: (5) | H5: =B5/$B$29 -> 0.34407961 | J5: =D5*H5 -> 0.059322781
A6: Clerk Handling - Prep/Mark Up | B6: =SUM('Table 3.18-Nixie UAA'!D16,'Table 3.18-Nixie UAA'!D19,'Table 3.18-Nixie UAA'!D25,'Table 3.18-Nixie UAA'!D28) -> 36777.475 | C6: (6) | D6: =F6/B6 -> 0.44415922 | F6: =SUM('Table 3.18-Nixie UAA'!I16,'Table 3.18-Nixie UAA'!I19,'Table 3.18-Nixie UAA'!I25,'Table 3.18-Nixie UAA'!I28) -> 16335.055 | G6: (6) | H6: =B6/$B$29 -> 0.34407961 | J6: =D6*H6 -> 0.15282613
A7: Originating Postage Due Unit | B7: =SUM('Table 3.31-Rating Post Due'!B14,'Table 3.31-Rating Post Due'!B25) -> 3081.2907 | C7: (7) | D7: =F7/B7 -> 0.26502763 | F7: =SUM('Table 3.31-Rating Post Due'!H14,'Table 3.31-Rating Post Due'!H25) -> 816.62719 | G7: (7) | H7: =B7/$B$29 -> 0.02882768 | J7: =D7*H7 -> 0.0076401319
A8: Total | B8: =B5 -> 36777.475 | D8: =F8/B8 -> 0.63877381 | F8: =SUM(F5:F7) -> 23492.488 | J8: =SUM(J5:J7) -> 0.21978904
A10: CFS Unit COA Mail RTS (2)
A11: Carrier Preparation | B11: ='Table 3.15-Route UAA NoPARS'!D107 -> 59033.92 | C11: (5) | D11: =F11/B11 -> 0.11453897 | F11: ='Table 3.15-Route UAA NoPARS'!J107 -> 6761.6846 | G11: (5) | H11: =B11/$B$29 -> 0.55230458 | J11: =D11*H11 -> 0.0632604
A12: CFS Processing | B12: ='Table 3.20-CFS Non-CIOSS'!B14 -> 59033.92 | C12: (8) | D12: =F12/B12 -> 0.33095941 | F12: ='Table 3.20-CFS Non-CIOSS'!H14 -> 19537.832 | G12: (8) | H12: =B12/$B$29 -> 0.55230458 | J12: =D12*H12 -> 0.1827904
A13: CFS Postage Due Unit | B13: ='Table 3.20-CFS Non-CIOSS'!B50+'Table 3.20-CFS Non-CIOSS'!B61 -> 5505.6669 | C13: (8) | D13: =F13/B13 -> 0.4339295 | F13: ='Table 3.20-CFS Non-CIOSS'!H50+'Table 3.20-CFS Non-CIOSS'!H61 -> 2389.0713 | G13: (8) | H13: =B13/$B$29 -> 0.051509455 | J13: =D13*H13 -> 0.022351472
A14: Total | B14: =B11 -> 59033.92 | D14: =F14/B14 -> 0.48596785 | F14: =SUM(F11:F13) -> 28688.587 | J14: =SUM(J11:J13) -> 0.26840227
A16: CFS Unit ACS Nixie RTS (3)
A17: Carrier Preparation | B17: ='Table 3.15-Route UAA NoPARS'!D100 -> 11075.134 | C17: (5) | D17: =F17/B17 -> 0.14735092 | F17: ='Table 3.15-Route UAA NoPARS'!J100 -> 1631.9313 | G17: (5) | H17: =B17/$B$29 -> 0.10361581 | J17: =D17*H17 -> 0.015267885
A18: Clerk Handling - Sort By Reason | B18: 0 | C18: (6) | D18: 0 | F18: 0 | G18: (6) | H18: =B18/$B$29 -> 0 | J18: =D18*H18 -> 0
A19: CFS Processing | B19: ='Table 3.20-CFS Non-CIOSS'!B71 -> 11075.134 | C19: (8) | D19: =F19/B19 -> 0.026418631 | F19: ='Table 3.20-CFS Non-CIOSS'!H71 -> 292.58988 | G19: (8) | H19: =B19/$B$29 -> 0.10361581 | J19: =D19*H19 -> 0.0027373878
A20: Total | B20: =B17 -> 11075.134 | D20: =F20/B20 -> 0.17376955 | F20: =SUM(F17:F19) -> 1924.5212 | J20: =SUM(J17:J19) -> 0.018005273
A22: Downstream Activities (4)
A23: Mailstream Processing & Transportation | B23: =SUM(B8,B14,B20) -> 106886.53 | D23: ='Table 3.30-UAA MP Cost'!D32 -> 0.70954608 | E23: (10) | F23: =B23*D23 -> 75840.918 | H23: =B23/$B$29 -> 1 | J23: =D23*H23 -> 0.70954608
A24: Destinating Accountable Mail Unit | B24: ='Table 3.35-PD Vols'!D14 -> 8586.9577 | C24: (9) | D24: ='Table 3.32-Accounting Post Due'!I13 -> 3.0195033 | E24: (11) | F24: =B24*D24 -> 25928.347 | H24: =B24/$B$29 -> 0.080337135 | J24: =D24*H24 -> 0.24257825
A25: Collection Postage Due - Carrier | B25: ='Table 3.35-PD Vols'!D15 -> 5482.023 | C25: (9) | D25: ='Table 3.33-Delivery Post Due'!I20 -> 0.9129758 | E25: (12) | F25: =B25*D25 -> 5004.9543 | H25: =B25/$B$29 -> 0.051288249 | J25: =D25*H25 -> 0.04682493
A26: Collection Postage Due - Wind. Serv. | B26: ='Table 3.35-PD Vols'!D16 -> 955.474 | C26: (9) | D26: ='Table 3.34-Window Post Due'!I13 -> 0.5277623 | E26: (13) | F26: =B26*D26 -> 504.26315 | H26: =B26/$B$29 -> 0.0089391432 | J26: =D26*H26 -> 0.0047177428
A27: Total | B27: =B23 -> 106886.53 | D27: =F27/B27 -> 1.003667 | F27: =SUM(F23:F26) -> 107278.48 | J27: =SUM(J23:J26) -> 1.003667
A29: Total Non-PARS Pieces | B29: =SUM(B8,B14,B20) -> 106886.53 | F29: =SUM(F8,F14,F20,F27) -> 161384.08 | J29: =SUM(J8,J14,J20,J27) -> 1.5098636
A32: checks ---> | G32: route module ---> | H32: =SUM('Table 3.15-Route UAA NoPARS'!J99:J100,'Table 3.15-Route UAA NoPARS'!J107) -> 14734.422 | J32: =SUM(F5,F11,F17) -> 14734.422 | K32: =H32-J32 -> 0
G33: nixie module ---> | H33: =SUM('Table 3.18-Nixie UAA'!I16:I16,'Table 3.18-Nixie UAA'!I19,'Table 3.18-Nixie UAA'!I25:I25,'Table 3.18-Nixie UAA'!I28)+SUM('Table 3.31-Rating Post Due'!H13,'Table 3.31-Rating Post Due'!H25) -> 17151.682 | J33: =SUM(F6:F7,F18) -> 17151.682 | K33: =H33-J33 -> 0
G34: cfs module ---> | H34: =SUM('Table 3.20-CFS Non-CIOSS'!H14,'Table 3.20-CFS Non-CIOSS'!H50,'Table 3.20-CFS Non-CIOSS'!H61,'Table 3.20-CFS Non-CIOSS'!H71) -> 22219.493 | J34: =SUM(F12:F13,F19) -> 22219.493 | K34: =H34-J34 -> 0
G35: mp trans module ---> | H35: ='Table 3.30-UAA MP Cost'!F32 -> 75840.918 | J35: =F23 -> 75840.918 | K35: =H35-J35 -> 0
G36: pd module ---> | H36: =SUM(F24:F26) -> 31437.565 | J36: =SUM(F24:F26) -> 31437.565 | K36: =H36-J36 -> 0
G37: Total ---> | H37: =SUM(H32:H36) -> 161384.08 | J37: =SUM(J32:J36) -> 161384.08 | K37: =H37-J37 -> 0
A39: Notes:
A40: (1) Mail being returned from the delivery unit. | E40: (8) Refer to Table 3.20.
A41: (2) Mail directly sent to CFS unit which is then returned to sender. | E41: (9) Refer to Table 3.35.
A42: (3) Address Change Service (ACS) mail sent to the nixie unit and then to the CFS unit. | E42: (10) Refer to Table 3.30.
A43: (4) Activities that occur after mail has been redirected. | E43: (11) Refer to Table 3.32.
A44: (5) Refer to Table 3.15. | E44: (12) Refer to Table 3.33.
A45: (6) Nixie clerk handling of ACS nixie mail is excluded. Refer to Table 7.18. | E45: (13) Refer to Table 3.34.
A46: (7) Refer to Table 3.31.

Sheet Table 3.8-Total Wst Summary
A1: Table 3.8 - Cost of Wasted UAA Mail, All Pieces
A2: PARS Environment, FY 25
B3: Volume (000s) | D3: Cost/Piece | F3: Total Cost (000s) | H3: Frequency | J3: Cost Contribution
A5: PARS Pieces (1)
A6: Plant-Intercepted Non-Forwardable Waste | B6: ='Table 3.9-PARS Wst Summary'!B10 -> 278110.92 | D6: =F6/B6 -> 0.056550058 | F6: ='Table 3.9-PARS Wst Summary'!F10 -> 15727.189 | H6: =B6/$B$19 -> 0.12096639 | J6: =D6*H6 -> 0.0068406561
A7: Plant-Intercepted COA Mail Waste | B7: ='Table 3.9-PARS Wst Summary'!B18 -> 103378.91 | D7: =F7/B7 -> 0.057586278 | F7: ='Table 3.9-PARS Wst Summary'!F18 -> 5953.2065 | H7: =B7/$B$19 -> 0.044965414 | J7: =D7*H7 -> 0.0025893908
A8: Carrier-Identified COA Mail Waste | B8: ='Table 3.9-PARS Wst Summary'!B28 -> 19882.087 | D8: =F8/B8 -> 0.17809757 | F8: ='Table 3.9-PARS Wst Summary'!F28 -> 3540.9513 | H8: =B8/$B$19 -> 0.0086478597 | J8: =D8*H8 -> 0.0015401628
A9: Plant-Intercepted ACS Nixie Mail Waste | B9: ='Table 3.9-PARS Wst Summary'!B36 -> 29216.412 | D9: =F9/B9 -> 0.05280218 | F9: ='Table 3.9-PARS Wst Summary'!F36 -> 1542.6902 | H9: =B9/$B$19 -> 0.012707893 | J9: =D9*H9 -> 0.00067100443
A10: Carrier-Identified ACS Nixie Mail Waste | B10: ='Table 3.9-PARS Wst Summary'!B46 -> 416092.91 | D10: =F10/B10 -> 0.15504799 | F10: ='Table 3.9-PARS Wst Summary'!F46 -> 64514.371 | H10: =B10/$B$19 -> 0.18098266 | J10: =D10*H10 -> 0.028060999
A11: Total | B11: =SUM(B6:B10) -> 846681.24 | D11: =F11/B11 -> 0.10780729 | F11: =SUM(F6:F10) -> 91278.407 | H11: =B11/$B$19 -> 0.36827021 | J11: =SUM(J6:J10) -> 0.039702213
A13: Non-PARS Pieces (2)
A14: Delivery Unit Waste | B14: ='Table 3.10-NonPARS Wst Summary'!B7 -> 1368978.5 | D14: =F14/B14 -> 0.061319533 | F14: ='Table 3.10-NonPARS Wst Summary'!F7 -> 83945.125 | H14: =B14/$B$19 -> 0.59544726 | J14: =D14*H14 -> 0.036512548
A15: CFS Unit COA Mail Waste | B15: ='Table 3.10-NonPARS Wst Summary'!B12 -> 65556.92 | D15: =F15/B15 -> 0.49680664 | F15: ='Table 3.10-NonPARS Wst Summary'!F12 -> 32569.113 | H15: =B15/$B$19 -> 0.028514463 | J15: =D15*H15 -> 0.014166175
A16: CFS Unit ACS Nixie Waste | B16: ='Table 3.10-NonPARS Wst Summary'!B18 -> 17859.366 | D16: =F16/B16 -> 0.21535199 | F16: ='Table 3.10-NonPARS Wst Summary'!F18 -> 3846.0501 | H16: =B16/$B$19 -> 0.0077680624 | J16: =D16*H16 -> 0.0016728677
A17: Total | B17: =SUM(B14:B16) -> 1452394.8 | D17: =F17/B17 -> 0.082870226 | F17: =SUM(F14:F16) -> 120360.29 | H17: =B17/$B$19 -> 0.63172979 | J17: =SUM(J14:J16) -> 0.05235159
A19: Grand Total | B19: =SUM(B11,B17) -> 2299076.1 | F19: =SUM(F11,F17) -> 211638.7 | J19: =SUM(J11,J17) -> 0.092053803
A21: checks ---> | B21: 0 | G21: route module ---> | H21: =SUM('Table 3.14-Route UAA'!J101,'Table 3.14-Route UAA'!J108,'Table 3.14-Route UAA'!J111) -> 119946.43 | J21: ='Table 3.9-PARS Wst Summary'!J50+'Table 3.10-NonPARS Wst Summary'!J22 -> 119946.43 | K21: =H21-J21 -> 0
B22: 0 | G22: nixie module ---> | H22: =SUM('Table 3.18-Nixie UAA'!I8,'Table 3.18-Nixie UAA'!I11,'Table 3.18-Nixie UAA'!I20,'Table 3.18-Nixie UAA'!I29,'Table 3.18-Nixie UAA'!I35,'Table 3.18-Nixie UAA'!I37) -> 32634.484 | J22: ='Table 3.9-PARS Wst Summary'!J51+'Table 3.10-NonPARS Wst Summary'!J23 -> 32634.484 | K22: =H22-J22 -> 0
B23: 0 | G23: cfs module ---> | H23: =SUM('Table 3.20-CFS Non-CIOSS'!H19,'Table 3.20-CFS Non-CIOSS'!H76,'Table 3.21-CFS CIOSS Rejs'!H19,'Table 3.21-CFS CIOSS Rejs'!H76) -> 22757.689 | J23: ='Table 3.9-PARS Wst Summary'!J52+'Table 3.10-NonPARS Wst Summary'!J24 -> 22757.689 | K23: =H23-J23 -> 0
G24: cioss module ---> | H24: =SUM('Table 3.23-CIOSS Summary'!I6,'Table 3.23-CIOSS Summary'!I10,'Table 3.23-CIOSS Summary'!I13) -> 30061.77 | J24: ='Table 3.9-PARS Wst Summary'!J53 -> 30061.77 | K24: =H24-J24 -> 0
G25: rec module ---> | H25: =SUM('Table 3.25-REC Summary'!K6,'Table 3.25-REC Summary'!K10,'Table 3.25-REC Summary'!K13) -> 6238.3219 | J25: ='Table 3.9-PARS Wst Summary'!J54 -> 6238.3219 | K25: =H25-J25 -> 0
G26: Total ---> | H26: =SUM(H21:H25) -> 211638.7 | J26: =SUM(J21:J25) -> 211638.7 | K26: =H26-J26 -> 0
A28: Notes:
A29: (1) Refer to Table 3.9.
A30: (2) Refer to Table 3.10.

Sheet Table 3.9-PARS Wst Summary
A1: Table 3.9 - Cost of Wasted UAA Mail, PARS Pieces
A2: PARS Environment, FY 25
B3: Volume (000s) | D3: Cost/Piece | F3: Total Cost (000s) | H3: Frequency | J3: Cost Contribution
A4: Plant-Intercepted Non-Forwardable Waste (1)
A5: CIOSS Processing | B5: ='Table 3.24-CIOSS Detail'!E13 -> 278110.92 | C5: (6) | D5: =F5/B5 -> 0.048544837 | F5: ='Table 3.24-CIOSS Detail'!K13 -> 13500.849 | G5: (6) | H5: =B5/$B$48 -> 0.32847181 | J5: =D5*H5 -> 0.015945611
A6: AFR Finalization | B6: ='Table 3.28-REC Volume'!G13 -> 253881.9 | C6: (7) | D6: =F6/B6 -> 0 | F6: 0 | H6: =B6/$B$48 -> 0.29985535 | J6: =D6*H6 -> 0
A7: REC Site Finalization, Non-ACS Pieces | B7: ='Table 3.28-REC Volume'!H13 -> 20057.356 | C7: (7) | D7: =F7/B7 -> 0.10707332 | F7: ='Table 3.26-REC Detail NonACS'!K13 -> 2147.6078 | G7: (9) | H7: =B7/$B$48 -> 0.023689383 | J7: =D7*H7 -> 0.002536501
A8: REC Site Finalization, ACS Pieces (17) | B8: 0 | D8: 0 | F8: 0 | H8: =B8/$B$48 -> 0 | J8: =D8*H8 -> 0
A9: CIOSS Rejects - Nixie Unit Processing | B9: ='Table 3.18-Nixie UAA'!D37 -> 4171.6638 | C9: (8) | D9: =F9/B9 -> 0.018872931 | F9: ='Table 3.18-Nixie UAA'!I37 -> 78.731523 | G9: (8) | H9: =B9/$B$48 -> 0.0049270772 | J9: =D9*H9 -> 9.2988388e-05
A10: Total | B10: =B5 -> 278110.92 | D10: =F10/B10 -> 0.056550058 | F10: =SUM(F5:F9) -> 15727.189 | J10: =SUM(J5:J9) -> 0.0185751
A12: Plant-Intercepted COA Mail Waste (2)
A13: CIOSS Processing | B13: =SUM('Table 3.24-CIOSS Detail'!E6,'Table 3.24-CIOSS Detail'!E10) -> 103378.91 | C13: (6) | D13: =F13/B13 -> 0.048544837 | F13: =SUM('Table 3.24-CIOSS Detail'!K6,'Table 3.24-CIOSS Detail'!K10) -> 5018.5122 | G13: (6) | H13: =B13/$B$48 -> 0.12209897 | J13: =D13*H13 -> 0.0059272746
A14: AFR Finalization | B14: =SUM('Table 3.28-REC Volume'!G6,'Table 3.28-REC Volume'!G10) -> 94372.538 | C14: (7) | D14: =F14/B14 -> 0 | F14: 0 | H14: =B14/$B$48 -> 0.11146171 | J14: =D14*H14 -> 0
A15: REC Site Finalization, Non-ACS Pieces | B15: =SUM('Table 3.28-REC Volume'!H6) -> 502.66396 | C15: (7) | D15: =F15/B15 -> 0.10707332 | F15: =SUM('Table 3.26-REC Detail NonACS'!K6) -> 53.821899 | G15: (9) | H15: =B15/$B$48 -> 0.00059368737 | J15: =D15*H15 -> 6.3568079e-05
A16: REC Site Finalization, ACS Pieces (17) | B16: =SUM('Table 3.28-REC Volume'!H10) -> 6953.0216 | C16: (7) | D16: =F16/B16 -> 0.053536661 | F16: =SUM('Table 3.26-REC Detail NonACS'!K10) -> 372.24156 | G16: (9) | H16: =B16/$B$48 -> 0.008212089 | J16: =D16*H16 -> 0.00043964782
A17: CIOSS Rejects - CFS Unit Processing | B17: 1550.6836 | C17: (10) | D17: ='Table 3.21-CFS CIOSS Rejs'!I19 -> 0.32800427 | E17: (11) | F17: =B17*D17 -> 508.63084 | H17: =B17/$B$48 -> 0.0018314846 | J17: =D17*H17 -> 0.00060073475
A18: Total | B18: =B13 -> 103378.91 | D18: =F18/B18 -> 0.057586278 | F18: =SUM(F13:F17) -> 5953.2065 | J18: =SUM(J13:J17) -> 0.0070312253
A20: Carrier-Identified COA Mail Waste (3)
A21: Carrier Preparation | B21: ='Table 3.16-Route UAA PARS'!D108 -> 19882.087 | C21: (12) | D21: =F21/B21 -> 0.10836968 | F21: ='Table 3.16-Route UAA PARS'!J108 -> 2154.6154 | G21: (12) | H21: =B21/$B$48 -> 0.023482376 | J21: =D21*H21 -> 0.0025447776
A22: Clerk Handling - Prep for CIOSS | B22: ='Table 3.18-Nixie UAA'!D8 -> 19882.087 | C22: (13) | D22: =F22/B22 -> 0.0075934757 | F22: ='Table 3.18-Nixie UAA'!I8 -> 150.97415 | G22: (13) | H22: =B22/$B$48 -> 0.023482376 | J22: =D22*H22 -> 0.00017831285
A23: CIOSS Processing | B23: =SUM('Table 3.24-CIOSS Detail'!E21,'Table 3.24-CIOSS Detail'!E25) -> 19882.087 | C23: (6) | D23: =F23/B23 -> 0.048544837 | F23: =SUM('Table 3.24-CIOSS Detail'!K21,'Table 3.24-CIOSS Detail'!K25) -> 965.17268 | G23: (6) | H23: =B23/$B$48 -> 0.023482376 | J23: =D23*H23 -> 0.0011399481
A24: AFR Finalization | B24: =SUM('Table 3.28-REC Volume'!G21,'Table 3.28-REC Volume'!G25) -> 16567.589 | C24: (7) | D24: =F24/B24 -> 0 | F24: 0 | H24: =B24/$B$48 -> 0.019567682 | J24: =D24*H24 -> 0
A25: REC Site Finalization, Non-ACS Pieces | B25: =SUM('Table 3.28-REC Volume'!H21) -> 203.35739 | C25: (7) | D25: =F25/B25 -> 0.10707332 | F25: =SUM('Table 3.26-REC Detail NonACS'!K21) -> 21.774151 | G25: (9) | H25: =B25/$B$48 -> 0.00024018176 | J25: =D25*H25 -> 2.5717059e-05
A26: REC Site Finalization, ACS Pieces (17) | B26: =SUM('Table 3.28-REC Volume'!H25) -> 2812.9097 | C26: (7) | D26: =F26/B26 -> 0.053536661 | F26: =SUM('Table 3.26-REC Detail NonACS'!K25) -> 150.59379 | G26: (9) | H26: =B26/$B$48 -> 0.0033222771 | J26: =D26*H26 -> 0.00017786362
A27: CIOSS Rejects - CFS Unit Processing | B27: ='Table 3.21-CFS CIOSS Rejs'!B19-B17 -> 298.23131 | C27: (14) | D27: ='Table 3.21-CFS CIOSS Rejs'!I19 -> 0.32800427 | E27: (11) | F27: =B27*D27 -> 97.821142 | H27: =B27/$B$48 -> 0.00035223564 | J27: =D27*H27 -> 0.00011553479
A28: Total | B28: =B21 -> 19882.087 | D28: =F28/B28 -> 0.17809757 | F28: =SUM(F21:F27) -> 3540.9513 | J28: =SUM(J21:J27) -> 0.004182154
A30: Plant-Intercepted ACS Nixie Mail Waste (4)
A31: CIOSS Processing | B31: ='Table 3.24-CIOSS Detail'!E16 -> 29216.412 | C31: (6) | D31: =F31/B31 -> 0.048544837 | F31: ='Table 3.24-CIOSS Detail'!K16 -> 1418.3059 | G31: (6) | H31: =B31/$B$48 -> 0.034506979 | J31: =D31*H31 -> 0.0016751357
A32: AFR Finalization | B32: ='Table 3.28-REC Volume'!G16 -> 26671.078 | C32: (7) | D32: =F32/B32 -> 0 | F32: 0 | H32: =B32/$B$48 -> 0.031500732 | J32: =D32*H32 -> 0
A33: REC Site Finalization, Non-ACS Pieces | B33: 0 | D33: 0 | F33: 0 | H33: =B33/$B$48 -> 0 | J33: =D33*H33 -> 0
A34: REC Site Finalization, ACS Pieces (17) | B34: ='Table 3.28-REC Volume'!H16 -> 2107.0873 | C34: (7) | D34: =F34/B34 -> 0.053536661 | F34: =SUM('Table 3.26-REC Detail NonACS'!K16) -> 112.80642 | G34: (9) | H34: =B34/$B$48 -> 0.0024886429 | J34: =D34*H34 -> 0.00013323363
A35: CIOSS Rejects - CFS Unit Processing | B35: 438.24618 | C35: (15) | D35: ='Table 3.21-CFS CIOSS Rejs'!I76 -> 0.026418631 | E35: (11) | F35: =B35*D35 -> 11.577864 | H35: =B35/$B$48 -> 0.00051760469 | J35: =D35*H35 -> 1.3674407e-05
A36: Total | B36: =B31 -> 29216.412 | D36: =F36/B36 -> 0.05280218 | F36: =SUM(F31:F35) -> 1542.6902 | J36: =SUM(J31:J35) -> 0.0018220437
A38: Carrier-Identified ACS Nixie Mail Waste (5)
A39: Carrier Preparation | B39: ='Table 3.16-Route UAA PARS'!D101 -> 416092.91 | C39: (12) | D39: =F39/B39 -> 0.11692457 | F39: ='Table 3.16-Route UAA PARS'!J101 -> 48651.484 | G39: (12) | H39: =B39/$B$48 -> 0.49143986 | J39: =D39*H39 -> 0.057461394
A40: Clerk Handling - Prep for CIOSS | B40: ='Table 3.18-Nixie UAA'!D11 -> 416092.91 | C40: (13) | D40: =F40/B40 -> 0.0075934757 | F40: ='Table 3.18-Nixie UAA'!I11 -> 3159.5914 | G40: (13) | H40: =B40/$B$48 -> 0.49143986 | J40: =D40*H40 -> 0.0037317366
A41: CIOSS Processing | B41: =SUM('Table 3.24-CIOSS Detail'!E31,'Table 3.24-CIOSS Detail'!E37) -> 416092.91 | C41: (6) | D41: =F41/B41 -> 0.022011743 | F41: =SUM('Table 3.24-CIOSS Detail'!K31,'Table 3.24-CIOSS Detail'!K37) -> 9158.93 | G41: (6) | H41: =B41/$B$48 -> 0.49143986 | J41: =D41*H41 -> 0.010817448
A42: AFR Finalization | B42: =SUM('Table 3.28-REC Volume'!G31,'Table 3.28-REC Volume'!G37) -> 346726.99 | C42: (7) | D42: =F42/B42 -> 0 | F42: 0 | H42: =B42/$B$48 -> 0.40951302 | J42: =D42*H42 -> 0
A43: REC Site Finalization, Non-ACS Pieces | B43: 0 | D43: 0 | F43: 0 | H43: =B43/$B$48 -> 0 | J43: =D43*H43 -> 0
A44: REC Site Finalization, ACS Pieces (17) | B44: =SUM('Table 3.28-REC Volume'!H31,'Table 3.28-REC Volume'!H37) -> 63124.527 | C44: (7) | D44: =F44/B44 -> 0.053536661 | F44: =SUM('Table 3.26-REC Detail NonACS'!K31,'Table 3.26-REC Detail NonACS'!K37) -> 3379.4764 | G44: (9) | H44: =B44/$B$48 -> 0.074555245 | J44: =D44*H44 -> 0.0039914388
A45: CIOSS Rejects - CFS Unit Processing | B45: ='Table 3.21-CFS CIOSS Rejs'!B76-B35 -> 6241.3936 | C45: (16) | D45: ='Table 3.21-CFS CIOSS Rejs'!I76 -> 0.026418631 | E45: (11) | F45: =B45*D45 -> 164.88907 | H45: =B45/$B$48 -> 0.0073715979 | J45: =D45*H45 -> 0.00019474752
A46: Total | B46: =B39 -> 416092.91 | D46: =F46/B46 -> 0.15504799 | F46: =SUM(F39:F45) -> 64514.371 | J46: =SUM(J39:J45) -> 0.076196764
A48: Total PARS Pieces | B48: =SUM(B10,B18,B28,B36,B46) -> 846681.24 | F48: =SUM(F10,F18,F28,F36,F46) -> 91278.407 | J48: =SUM(J10,J18,J28,J36,J46) -> 0.10780729
A50: checks ---> | B50: =B5-SUM(B6:B9) -> 0 | G50: route module ---> | H50: =SUM('Table 3.16-Route UAA PARS'!J101,'Table 3.16-Route UAA PARS'!J108) -> 50806.099 | J50: =SUM(F21,F39) -> 50806.099 | K50: =H50-J50 -> 0
B51: =B13-SUM(B14:B17) -> 0 | G51: nixie module ---> | H51: =SUM('Table 3.18-Nixie UAA'!I8,'Table 3.18-Nixie UAA'!I11,'Table 3.18-Nixie UAA'!I35,'Table 3.18-Nixie UAA'!I37) -> 3389.2971 | J51: =SUM(F9,F22,F40) -> 3389.2971 | K51: =H51-J51 -> 0
B52: =B28-SUM(B24:B27) -> 0 | G52: cfs module ---> | H52: =SUM('Table 3.21-CFS CIOSS Rejs'!H19,'Table 3.21-CFS CIOSS Rejs'!H76) -> 782.91892 | J52: =SUM(F17,F27,F35,F45) -> 782.91892 | K52: =H52-J52 -> 0
B53: =B31-SUM(B32:B35) -> 0 | G53: cioss module ---> | H53: =SUM('Table 3.23-CIOSS Summary'!I6,'Table 3.23-CIOSS Summary'!I10,'Table 3.23-CIOSS Summary'!I13) -> 30061.77 | J53: =SUM(F5,F13,F23,F31,F41) -> 30061.77 | K53: =H53-J53 -> 0
B54: =B41-SUM(B42:B45) -> 0 | G54: rec module ---> | H54: =SUM('Table 3.25-REC Summary'!K6,'Table 3.25-REC Summary'!K10,'Table 3.25-REC Summary'!K13) -> 6238.3219 | J54: =SUM(F7:F8,F15:F16,F25:F26,F33:F34,F43:F44) -> 6238.3219 | K54: =H54-J54 -> 0
B55: =B48-SUM('Table 3.23-CIOSS Summary'!C6,'Table 3.23-CIOSS Summary'!C10,'Table 3.23-CIOSS Summary'!C13) -> 0 | G55: Total ---> | H55: =SUM(H50:H54) -> 91278.407 | J55: =SUM(J50:J54) -> 91278.407 | K55: =H55-J55 -> 0
A57: Notes:
A58: (1) Non-forwardable COA mail that is intercepted at the plant and wasted. | E58: (10) Refer to Table 3.21 after subtracting out carrier-identified wasted mail.
A59: (2) COA mail that is intercepted at the plant and wasted. | E59: (11) Refer to Table 3.21.
A60: (3) COA mail that is identified by carriers at the original delivery unit as being waste. | E60: (12) Refer to Table 3.16.
A61: (4) ACS nixie mail that is intercepted at the plant (old COA mail only) and wasted. | E61: (13) Refer to Table 3.18.
A62: (5) ACS nixie mail that is identified by carriers at the original delivery unit as being waste. | E62: (14) Refer to Table 3.21 after subtracting out plant-intercepted wasted mail.
A63: (6) Refer to Table 3.24. | E63: (15) Refer to Table 7.21 after subtracting out carrier-identified ACS nixie waste mail.
A64: (7) Refer to Table 3.28. | E64: (16) Refer to Table 7.21 after subtracting plant-intercepted ACS nixie waste mail.
A65: (8) Refer to Table 3.18. | E65: (17) Excludes Address Change Service (ACS) keying.
A66: (9) Refer to Table 3.26.

Sheet Table 3.10-NonPARS Wst Summary
A1: Table 3.10 - Cost of Wasted UAA Mail, Non-PARS Pieces
A2: PARS Environment, FY 25
B3: Volume (000s) | D3: Cost/Piece | F3: Total Cost (000s) | H3: Frequency | J3: Cost Contribution
A4: Delivery Unit Waste (1)
A5: Carrier Preparation | B5: ='Table 3.15-Route UAA NoPARS'!D111+'Table 3.16-Route UAA PARS'!D111 -> 1368978.5 | C5: (4) | D5: =F5/B5 -> 0.039956754 | F5: ='Table 3.15-Route UAA NoPARS'!J111+'Table 3.16-Route UAA PARS'!J111 -> 54699.939 | G5: (4) | H5: =B5/$B$20 -> 0.94256638 | J5: =D5*H5 -> 0.037661893
A6: Clerk Handling - Verifying Waste | B6: =SUM('Table 3.18-Nixie UAA'!D20,'Table 3.18-Nixie UAA'!D29) -> 1368978.5 | C6: (5) | D6: =F6/B6 -> 0.021362779 | F6: =SUM('Table 3.18-Nixie UAA'!I20,'Table 3.18-Nixie UAA'!I29) -> 29245.187 | G6: (5) | H6: =B6/$B$20 -> 0.94256638 | J6: =D6*H6 -> 0.020135838
A7: Total | B7: =B5 -> 1368978.5 | D7: =F7/B7 -> 0.061319533 | F7: =SUM(F5:F6) -> 83945.125 | J7: =SUM(J5:J6) -> 0.057797731
A9: CFS Unit COA Mail Waste (2)
A10: Carrier Preparation | B10: ='Table 3.15-Route UAA NoPARS'!D108 -> 65556.92 | C10: (6) | D10: =F10/B10 -> 0.16880237 | F10: ='Table 3.15-Route UAA NoPARS'!J108 -> 11066.163 | G10: (6) | H10: =B10/$B$20 -> 0.04513712 | J10: =D10*H10 -> 0.0076192528
A11: CFS Processing | B11: ='Table 3.20-CFS Non-CIOSS'!B19 -> 65556.92 | C11: (7) | D11: =F11/B11 -> 0.32800427 | F11: ='Table 3.20-CFS Non-CIOSS'!H19 -> 21502.95 | G11: (7) | H11: =B11/$B$20 -> 0.04513712 | J11: =D11*H11 -> 0.014805168
A12: Total | B12: =B10 -> 65556.92 | D12: =F12/B12 -> 0.49680664 | F12: =SUM(F10:F11) -> 32569.113 | J12: =SUM(J10:J11) -> 0.022424421
A14: CFS Unit ACS Nixie Waste (3)
A15: Carrier Preparation | B15: ='Table 3.15-Route UAA NoPARS'!D101 -> 17859.366 | C15: (6) | D15: =F15/B15 -> 0.18893336 | F15: ='Table 3.15-Route UAA NoPARS'!J101 -> 3374.2301 | G15: (6) | H15: =B15/$B$20 -> 0.012296495 | J15: =D15*H15 -> 0.0023232182
A16: Clerk Handling - Sort By Reason | B16: 0 | C16: (5) | D16: 0 | F16: 0 | G16: (5) | H16: =B16/$B$20 -> 0 | J16: =D16*H16 -> 0
A17: CFS Processing | B17: ='Table 3.20-CFS Non-CIOSS'!B76 -> 17859.366 | C17: (7) | D17: =F17/B17 -> 0.026418631 | F17: ='Table 3.20-CFS Non-CIOSS'!H76 -> 471.82 | G17: (7) | H17: =B17/$B$20 -> 0.012296495 | J17: =D17*H17 -> 0.00032485657
A18: Total | B18: =B15 -> 17859.366 | D18: =F18/B18 -> 0.21535199 | F18: =SUM(F15:F17) -> 3846.0501 | J18: =SUM(J15:J17) -> 0.0026480747
A20: Total Non-PARS Pieces | B20: =SUM(B7,B12,B18) -> 1452394.8 | F20: =SUM(F7,F12,F18) -> 120360.29 | J20: =SUM(J7,J12,J18) -> 0.082870226
A22: checks ---> | G22: route module ---> | H22: =SUM('Table 3.15-Route UAA NoPARS'!J101,'Table 3.15-Route UAA NoPARS'!J108,'Table 3.15-Route UAA NoPARS'!J111)+'Table 3.16-Route UAA PARS'!J111 -> 69140.332 | J22: =SUM(F5,F10,F15) -> 69140.332 | K22: =H22-J22 -> 0
G23: nixie module ---> | H23: =SUM('Table 3.18-Nixie UAA'!I20,'Table 3.18-Nixie UAA'!I29) -> 29245.187 | J23: =SUM(F6,F16) -> 29245.187 | K23: =H23-J23 -> 0
G24: cfs module ---> | H24: =SUM('Table 3.20-CFS Non-CIOSS'!H19,'Table 3.20-CFS Non-CIOSS'!H76) -> 21974.77 | J24: =SUM(F11,F17) -> 21974.77 | K24: =H24-J24 -> 0
G25: Total ---> | H25: =SUM(H22:H24) -> 120360.29 | J25: =SUM(J22:J24) -> 120360.29 | K25: =H25-J25 -> 0
A27: Notes:
A28: (1) Mail that is wasted at the delivery unit. | E28: (5) Refer to Table 3.18.
A29: (2) Mail directly sent to CFS unit which is then wasted. | E29: (6) Refer to Table 3.15.
A30: (3) Address Change Service (ACS) mail sent to the nixie unit and then to the CFS unit. | E30: (7) Refer to Table 3.20.
A31: (4) Refer to Table 3.15 and 3.16.

Sheet Table 3.11-Form3547 Costs
A1: Table 3.11 - Cost of Form 3547: Part 1 - Forms Generated on CIOSS Machines
A2: PARS Environment, FY 25
A4: Forms Generated at CIOSS/NCSC
A5: 1. Photo and Forward | B5: Cost Per Step | D5: Piggyback Factor (1) | F5: Adj Cost Per Step | H5: Volume (000s) | J5: Frequency | L5: Actual Cost Per Piece | N5: Weight | P5: Weighted Cost Per Piece
A6: 1. CIOSS/NCSC | B6: 0 | C6: (2) | D6: 2.2330749 | F6: =B6*D6 -> 0 | H6: ='Table 3.38-Form 3547 Dist'!H8 -> 21321.175 | I6: (5) | J6: =H6/$H$6 -> 1 | L6: =J6*F6 -> 0
A7: 2. Mailstream | B7: ='Table 3.40-Form Processing'!B5 -> 0.061706247 | C7: (3) | D7: 1.7055951 | F7: =B7*D7 -> 0.10524588 | H7: =H6 -> 21321.175 | I7: (6) | J7: =H7/$H$6 -> 1 | L7: =J7*F7 -> 0.10524588
A8: 3. Accountable Mail Clerk | B8: 0.23110812 | C8: (4) | D8: 3.5156084 | F8: =B8*D8 -> 0.81248566 | H8: =H7 -> 21321.175 | J8: =H8/$H$6 -> 1 | L8: =J8*F8 -> 0.81248566
A9: 4. Carrier Delivery/Collection of Postage Due | B9: 0.024236494 | C9: (4) | D9: 1.2964363 | F9: =B9*D9 -> 0.031421071 | H9: =H8 -> 21321.175 | J9: =H9/$H$6 -> 1 | L9: =J9*F9 -> 0.031421071
A10: Total - Photo and Forward | L10: =SUM(L6:L9) -> 0.9491526 | N10: ='Table 3.38-Form 3547 Dist'!I8 -> 0.71335597 | O10: (5) | P10: =N10*L10 -> 0.67708367
A12: 2. Photo and Treat as Waste
A13: 1. CIOSS/NCSC | B13: 0 | C13: (2) | D13: 2.2330749 | F13: =B13*D13 -> 0 | H13: ='Table 3.38-Form 3547 Dist'!H9 -> 1674.4193 | I13: (5) | J13: =H13/$H$13 -> 1 | L13: =J13*F13 -> 0
A14: 2. Mailstream | B14: ='Table 3.40-Form Processing'!B5 -> 0.061706247 | C14: (3) | D14: 1.7055951 | F14: =B14*D14 -> 0.10524588 | H14: =H13 -> 1674.4193 | I14: (6) | J14: =H14/$H$13 -> 1 | L14: =J14*F14 -> 0.10524588
A15: 3. Accountable Mail Clerk | B15: 0.23110812 | C15: (4) | D15: 3.5156084 | F15: =B15*D15 -> 0.81248566 | H15: =H14 -> 1674.4193 | J15: =H15/$H$13 -> 1 | L15: =J15*F15 -> 0.81248566
A16: 4. Carrier Delivery/Collection of Postage Due | B16: 0.024236494 | C16: (4) | D16: 1.2964363 | F16: =B16*D16 -> 0.031421071 | H16: =H15 -> 1674.4193 | J16: =H16/$H$13 -> 1 | L16: =J16*F16 -> 0.031421071
A17: Total - Photo and Waste | L17: =SUM(L13:L16) -> 0.9491526 | N17: ='Table 3.38-Form 3547 Dist'!I9 -> 0.0560221 | O17: (5) | P17: =N17*L17 -> 0.053173522
A19: 3. On Piece Notice | F19: 0 | H19: ='Table 3.38-Form 3547 Dist'!H7 -> 6892.9551 | I19: (5) | J19: =H19/$H$19 -> 1 | L19: 0 | N19: ='Table 3.38-Form 3547 Dist'!I7 -> 0.23062193 | O19: (5) | P19: =N19*L19 -> 0
O21: Total Form 3547 - CIOSS ---> | P21: =P17+P10+P19 -> 0.7302572
A23: Table 3.11 - Cost of Form 3547: Part 2 - Forms Generated at CFS Units/Nixie Units
A24: PARS Environment, FY 25
A26: Forms Generated at CFS Units/Nixie Units
A27: 1. Photo and Forward | B27: Cost Per Step | D27: Piggyback Factor (1) | F27: Adj Cost Per Step | H27: Volume (000s) | J27: Frequency | L27: Actual Cost Per Piece | N27: Weight | P27: Weighted Cost Per Piece
A28: 1. CFS | B28: 0.11369457 | C28: (7) | D28: 1.7055951 | F28: =B28*D28 -> 0.19391691 | H28: ='Table 3.38-Form 3547 Dist'!B17 -> 8237.0428 | I28: (5) | J28: =H28/SUM($H$28:$H$29) -> 0.91663275 | L28: =J28*F28 -> 0.17775059
A29: 2. Nixie Unit | B29: 0.14819647 | C29: (8) | D29: 1.4559922 | F29: =B29*D29 -> 0.21577291 | H29: ='Table 3.38-Form 3547 Dist'!E17 -> 749.15454 | I29: (5) | J29: =H29/SUM($H$28:$H$29) -> 0.083367247 | L29: =J29*F29 -> 0.017988393
A30: 3. Mailstream | B30: ='Table 3.40-Form Processing'!B4 -> 0.095037325 | C30: (3) | D30: 1.7055951 | F30: =B30*D30 -> 0.1620952 | H30: =SUM(H28:H29)/'Table 3.40-Form Processing'!$D$4 -> 8673.8696 | I30: (9) | J30: ='Table 3.40-Form Processing'!D4^-1 -> 0.96524362 | K30: (3) | L30: =J30*F30 -> 0.15646136
A31: 4. Accountable Mail Clerk | B31: 0.46425162 | C31: (4) | D31: 3.5156084 | F31: =B31*D31 -> 1.6321269 | H31: =H30 -> 8673.8696 | J31: =J30 -> 0.96524362 | L31: =J31*F31 -> 1.5754001
A32: 5. Carrier Delivery/Collection of Postage Due | B32: 0.024236494 | C32: (4) | D32: 1.2964363 | F32: =B32*D32 -> 0.031421071 | H32: =H31 -> 8673.8696 | J32: =J31 -> 0.96524362 | L32: =J32*F32 -> 0.030328989
A33: Total - Photo and Forward | L33: =SUM(L28:L32) -> 1.9579294 | N33: ='Table 3.38-Form 3547 Dist'!I17 -> 0.55300849 | O33: (5) | P33: =N33*L33 -> 1.0827516
A35: 2. Photo and Treat as Waste
A36: 1. CFS | B36: 0.11369457 | C36: (7) | D36: 1.7055951 | F36: =B36*D36 -> 0.19391691 | H36: ='Table 3.38-Form 3547 Dist'!B18 -> 4571.4926 | I36: (5) | J36: =H36/SUM($H$36:$H$37) -> 0.91663275 | L36: =J36*F36 -> 0.17775059
A37: 2. Nixie Unit | B37: 0.14819647 | C37: (8) | D37: 1.4559922 | F37: =B37*D37 -> 0.21577291 | H37: ='Table 3.38-Form 3547 Dist'!E18 -> 415.77475 | I37: (5) | J37: =H37/SUM($H$36:$H$37) -> 0.083367247 | L37: =J37*F37 -> 0.017988393
A38: 3. Mailstream | B38: ='Table 3.40-Form Processing'!B4 -> 0.095037325 | C38: (3) | D38: 1.7055951 | F38: =B38*D38 -> 0.1620952 | H38: =SUM(H36:H37)/'Table 3.40-Form Processing'!$D$4 -> 4813.9279 | I38: (9) | J38: ='Table 3.40-Form Processing'!D4^-1 -> 0.96524362 | K38: (3) | L38: =J38*F38 -> 0.15646136
A39: 4. Accountable Mail Clerk | B39: 0.46425162 | C39: (4) | D39: 3.5156084 | F39: =B39*D39 -> 1.6321269 | H39: =H38 -> 4813.9279 | J39: =J38 -> 0.96524362 | L39: =J39*F39 -> 1.5754001
A40: 5. Carrier Delivery/Collection of Postage Due | B40: 0.024236494 | C40: (4) | D40: 1.2964363 | F40: =B40*D40 -> 0.031421071 | H40: =H39 -> 4813.9279 | J40: =J39 -> 0.96524362 | L40: =J40*F40 -> 0.030328989
A41: Total - Photo and Waste | L41: =SUM(L36:L40) -> 1.9579294 | N41: ='Table 3.38-Form 3547 Dist'!I18 -> 0.30691527 | O41: (5) | P41: =N41*L41 -> 0.60091843
A43: 3. On Piece Notice | F43: 0 | H43: ='Table 3.38-Form 3547 Dist'!H16 -> 2276.1905 | I43: (5) | J43: =H43/$H$43 -> 1 | L43: 0 | N43: ='Table 3.38-Form 3547 Dist'!I16 -> 0.14007624 | O43: (5) | P43: =N43*L43 -> 0
O45: Total Form 3547 - CFS/Nixie ---> | P45: =P41+P33+P43 -> 1.68367
A47: Table 3.11 - Cost of Form 3547: Part 3 - All Forms
A48: PARS Environment, FY 25
A50: Forms Generated at All Locations
A51: 1. Photo and Forward | B51: Cost Per Step | D51: Piggyback Factor (1) | F51: Adj Cost Per Step | H51: Volume (000s) | J51: Frequency | L51: Actual Cost Per Piece | N51: Weight | P51: Weighted Cost Per Piece
A52: 1. CIOSS/NCSC & CFS | B52: =(B6*H6+B28*H28)/H52 -> 0.031683475 | F52: =(F6*H6+F28*H28)/H52 -> 0.054039182 | H52: =SUM(H6,H28) -> 29558.218 | I52: (5) | J52: =H52/SUM($H$52:$H$53) -> 0.97528144 | L52: =J52*F52 -> 0.052703411
A53: 2. Nixie Unit | B53: =B29 -> 0.14819647 | F53: =F29 -> 0.21577291 | H53: =H29 -> 749.15454 | J53: =H53/SUM($H$52:$H$53) -> 0.024718558 | L53: =J53*F53 -> 0.0053335951
A54: 3. Mailstream | B54: =(B7*H7+B30*H30)/H54 -> 0.07134482 | F54: =(F7*H7+F30*H30)/H54 -> 0.12168538 | H54: =SUM(H7,H30) -> 29995.045 | J54: =H54/SUM($H$52:$H$53) -> 0.98969466 | L54: =J54*F54 -> 0.12043137
A55: 4. Accountable Mail Clerk | B55: =(B8*H8+B31*H31)/H55 -> 0.2985278 | F55: =(F8*H8+F31*H31)/H55 -> 1.0495068 | H55: =SUM(H8,H31) -> 29995.045 | J55: =H55/SUM($H$52:$H$53) -> 0.98969466 | L55: =J55*F55 -> 1.0386913
A56: 5. Carrier Delivery/Collection of Postage Due | B56: =(B9*H9+B32*H32)/H56 -> 0.024236494 | F56: =(F9*H9+F32*H32)/H56 -> 0.031421071 | H56: =SUM(H9,H32) -> 29995.045 | J56: =H56/SUM($H$52:$H$53) -> 0.98969466 | L56: =J56*F56 -> 0.031097267
A57: Total - Photo and Forward | L57: =SUM(L52:L56) -> 1.248257 | N57: ='Table 3.38-Form 3547 Dist'!I26 -> 0.65688235 | O57: (5) | P57: =N57*L57 -> 0.81995797
A59: 2. Photo and Treat as Waste
A60: 1. CIOSS/NCSC & CFS | B60: =(B13*H13+B36*H36)/H60 -> 0.083215055 | F60: =(F13*H13+F36*H36)/H60 -> 0.14193119 | H60: =SUM(H13,H36) -> 6245.9119 | I60: (5) | J60: =H60/SUM($H$60:$H$61) -> 0.93758716 | L60: =J60*F60 -> 0.13307287
A61: 2. Nixie Unit | B61: =B37 -> 0.14819647 | F61: =F37 -> 0.21577291 | H61: =H37 -> 415.77475 | J61: =H61/SUM($H$60:$H$61) -> 0.062412835 | L61: =J61*F61 -> 0.013466999
A62: 3. Mailstream | B62: =(B14*H14+B38*H38)/H62 -> 0.08643572 | F62: =(F14*H14+F38*H38)/H62 -> 0.14742434 | H62: =SUM(H14,H38) -> 6488.3473 | J62: =H62/SUM($H$60:$H$61) -> 0.97397966 | L62: =J62*F62 -> 0.14358831
A63: 4. Accountable Mail Clerk | B63: =(B15*H15+B39*H39)/H63 -> 0.4040853 | F63: =(F15*H15+F39*H39)/H63 -> 1.4206057 | H63: =SUM(H15,H39) -> 6488.3473 | J63: =H63/SUM($H$60:$H$61) -> 0.97397966 | L63: =J63*F63 -> 1.383641
A64: 5. Carrier Delivery/Collection of Postage Due | B64: =(B16*H16+B40*H40)/H64 -> 0.024236494 | F64: =(F16*H16+F40*H40)/H64 -> 0.031421071 | H64: =SUM(H16,H40) -> 6488.3473 | J64: =H64/SUM($H$60:$H$61) -> 0.97397966 | L64: =J64*F64 -> 0.030603484
A65: Total - Photo and Waste | L65: =SUM(L60:L64) -> 1.7043727 | N65: ='Table 3.38-Form 3547 Dist'!I27 -> 0.14438548 | O65: (5) | P65: =N65*L65 -> 0.24608666
A67: 3. On Piece Notice | F67: 0 | H67: =SUM(H19,H43) -> 9169.1456 | L67: 0 | N67: ='Table 3.38-Form 3547 Dist'!I25 -> 0.19873217 | O67: (5) | P67: =N67*L67 -> 0
O69: Total Form 3547 - All Forms ---> | P69: =P65+P57+P67 -> 1.0660446
G72: check form count ---> | H72: 0 | N72: check ---> | P72: =(L10*H6+L17*H13+L19*H19)-P21*SUM(H6,H13,H19) -> 0
H73: 0 | P73: =(SUM(H28:H29)*L33+SUM(H36:H37)*L41+H43*L43)-P45*SUM(H28:H29,H36:H37,H43) -> 0
H74: 0 | P74: =(SUM(H52:H53)*L57+SUM(H60:H61)*L65+H67*L67)-P69*SUM(H52:H53,H60:H61,H67) -> 0
H75: 0 | P75: =P69-'Table 3.41-Man Notice'!F25 -> 0
H76: 0
G77: check env count ---> | H77: 0
H78: 0
A80: Notes:
A81: (1) Based on FY 25 piggyback factors. | G81: (6) Forms generated at CIOSS/NCSC are not consolidated into envelopes.
A82: (2) CIOSS/NCSC operations require no clerk work to generate address correction forms. | G82: (7) Refer to PARS 25 Baseline Cost Model, CFS Module.
A83: (3) Refer to Table 3.40. CIOSS/NCSC forms have a lower unit cost due to presorting. | G83: (8) Refer to PARS 25 Baseline Cost Model, Nixie Module.
A84: (4) Refer to PARS 25 Baseline Cost Model, Postage Due Module. | G84: (9) Forms consolidated into envelopes. Refer to Table 3.40 for factor.
A85: CIOSS/NCSC forms have a lower unit cost due to presorting.
A86: (5) Refer to Table 3.38.

Sheet Table 3.12-Form3579 Costs
A1: Table 3.12 - Cost of Form 3579
A2: PARS Environment, FY 25
A5: Forms Generated at CFS Units and Nixie Units
B6: Cost Per Step | D6: Piggyback Factor (1) | F6: Adj Cost Per Step | H6: Volume (000s) | J6: Frequency | L6: Actual Cost Per Piece | N6: Weight | P6: Weighted Cost Per Piece
A7: 1. CFS | B7: 0.65595287 | C7: (5) | D7: 1.7055951 | F7: =B7*D7 -> 1.11879 | H7: ='Table 3.39-Form 3579 Dist'!B5 -> 5207.6188 | I7: (4) | J7: =H7/SUM($H$7:$H$8) -> 0.5623907 | L7: =J7*F7 -> 0.62919711
A8: 2. Nixie Unit | B8: 0.65595287 | C8: (7) | D8: 1.4559922 | F8: =B8*D8 -> 0.95506226 | H8: ='Table 3.39-Form 3579 Dist'!B6 -> 4052.1694 | I8: (4) | J8: =H8/SUM($H$7:$H$8) -> 0.4376093 | L8: =J8*F8 -> 0.41794413
A9: 3. Mailstream | B9: ='Table 3.40-Form Processing'!$B$6 -> 0.26820993 | C9: (2) | D9: 1.7055951 | F9: =B9*D9 -> 0.45745755 | H9: =SUM(H7:H8)/'Table 3.40-Form Processing'!D6 -> 1110.6406 | I9: (6) | J9: ='Table 3.40-Form Processing'!D6^-1 -> 0.11994233 | K9: (2) | L9: =J9*F9 -> 0.054868525
A10: 4. Accountable Mail Clerk | B10: 0.46425162 | C10: (3) | D10: 3.5156084 | F10: =B10*D10 -> 1.6321269 | H10: =H9 -> 1110.6406 | J10: =J9 -> 0.11994233 | L10: =J10*F10 -> 0.1957611
A11: 5. Carrier Delivery/Collection of Postage Due | B11: 0.024236494 | C11: (3) | D11: 1.2964363 | F11: =B11*D11 -> 0.031421071 | H11: =H10 -> 1110.6406 | J11: =J9 -> 0.11994233 | L11: =J11*F11 -> 0.0037687165
A12: Total Form 3579 | L12: =SUM(L7:L11) -> 1.3015396 | N12: 1 | P12: =L12*N12 -> 1.3015396
G14: check form count ---> | H14: 0 | N14: check ---> | P14: =P12-'Table 3.41-Man Notice'!F33 -> 0
G15: check env count ---> | H15: 0
A18: Notes:
A19: (1) Based on FY 25 piggyback factors.
A20: (2) Refer to Table 3.40.
A21: (3) Refer to PARS 25 Baseline Cost Model, Postage Due Module.
A22: (4) Refer to Table 3.39.
A23: (5) Refer to PARS 25 Baseline Cost Model, CFS Module.
A24: (6) Forms consolidated into envelopes. Refer to Table 3.40 for factor.
A25: (7) Refer to PARS 25 Baseline Cost Model, Nixie Module.

Sheet Table 3.13-COA Costs
A1: Table 3.13 - Costs of Processing COA Cards (Form 3575, 3575Z, and 3546): Part 1 - Processing Original COAs
A2: PARS Environment, FY 25
A4: Processing Original COAs
A5: Type | B5: Location | C5: Craft/Activity | D5: Cards (000s) (1) | F5: Overall Cost (000s) (1) | H5: Cost/Card | J5: Piggyback Factor (2) | L5: Total Cost (000s) | N5: Total Cost/Card
A6: Manual 3575 | B6: Window Service | C6: W/S Clerk | D6: 9297.112 | F6: 908.47047 | H6: =IF(D6<>0,F6/D6,0) -> 0.097715341 | J6: 1.29198 | L6: =F6*J6 -> 1173.7256 | N6: =IF(D6<>0,L6/D6,0) -> 0.12624626
B7: CFS Unit | C7: CFPS COA Scanning | D7: 9297.112 | F7: 195.23272 | H7: =IF(D7<>0,F7/D7,0) -> 0.020999287 | J7: 1.7055951 | L7: =F7*J7 -> 332.98798 | N7: =IF(D7<>0,L7/D7,0) -> 0.035816282
C8: 3982 Labeling | D8: 9297.112 | F8: 658.91044 | H8: =IF(D8<>0,F8/D8,0) -> 0.070872593 | J8: 1.7055951 | L8: =F8*J8 -> 1123.8344 | N8: =IF(D8<>0,L8/D8,0) -> 0.12087995
C9: Key From Paper | D9: 40.188022 | F9: 21.20685 | H9: =IF(D9<>0,F9/D9,0) -> 0.52769081 | J9: 1.7055951 | L9: =F9*J9 -> 36.1703 | N9: =IF(D9<>0,L9/D9,0) -> 0.90002689
B10: Plant | C10: Clerk/MH Processing | D10: 9297.112 | F10: 32.464752 | H10: =IF(D10<>0,F10/D10,0) -> 0.0034919179 | J10: 1.7055951 | L10: =F10*J10 -> 55.371723 | N10: =IF(D10<>0,L10/D10,0) -> 0.0059557982
B11: Delivery Unit | C11: Carrier Apply Stickers | D11: 9297.112 | F11: 6908.8253 | H11: =IF(D11<>0,F11/D11,0) -> 0.74311521 | J11: 1.2964363 | L11: =F11*J11 -> 8956.852 | N11: =IF(D11<>0,L11/D11,0) -> 0.96340154
B12: Delivery Unit | C12: Clerk Filing | D12: 664.07943 | F12: 67.441645 | H12: =IF(D12<>0,F12/D12,0) -> 0.10155659 | J12: 1.4559922 | L12: =F12*J12 -> 98.194509 | N12: =IF(D12<>0,L12/D12,0) -> 0.14786561
C13: Total | D13: 9297.112 | F13: =SUM(F6:F12) -> 8792.5522 | H13: =IF(D13<>0,F13/D13,0) -> 0.9457294 | L13: =SUM(L6:L12) -> 11777.137 | N13: =IF(D13<>0,L13/D13,0) -> 1.2667521
A15: Manual 3575Z | B15: Delivery Unit | C15: Carrier Filling Out Form | D15: 1874.874 | F15: 1114.5979 | H15: =IF(D15<>0,F15/D15,0) -> 0.59449217 | J15: 1.2964363 | L15: =F15*J15 -> 1445.0052 | N15: =IF(D15<>0,L15/D15,0) -> 0.77072123
B16: CFS Unit | C16: CFPS COA Scanning | D16: 1874.874 | F16: 39.371017 | H16: =IF(D16<>0,F16/D16,0) -> 0.020999287 | J16: 1.7055951 | L16: =F16*J16 -> 67.151016 | N16: =IF(D16<>0,L16/D16,0) -> 0.035816282
C17: 3982 Labeling | D17: 1874.874 | F17: 132.87718 | H17: =IF(D17<>0,F17/D17,0) -> 0.070872593 | J17: 1.7055951 | L17: =F17*J17 -> 226.63468 | N17: =IF(D17<>0,L17/D17,0) -> 0.12087995
C18: Key From Paper | D18: 8.1043959 | F18: 4.2766153 | H18: =IF(D18<>0,F18/D18,0) -> 0.52769081 | J18: 1.7055951 | L18: =F18*J18 -> 7.2941743 | N18: =IF(D18<>0,L18/D18,0) -> 0.90002689
B19: Plant | C19: Clerk/MH Processing | D19: 1874.874 | F19: 6.5469061 | H19: =IF(D19<>0,F19/D19,0) -> 0.0034919179 | J19: 1.7055951 | L19: =F19*J19 -> 11.166371 | N19: =IF(D19<>0,L19/D19,0) -> 0.0059557982
B20: Delivery Unit | C20: Carrier Apply Stickers | D20: 1874.874 | F20: 1393.2474 | H20: =IF(D20<>0,F20/D20,0) -> 0.74311521 | J20: 1.2964363 | L20: =F20*J20 -> 1806.2565 | N20: =IF(D20<>0,L20/D20,0) -> 0.96340154
B21: Delivery Unit | C21: Clerk Filing | D21: 133.91957 | F21: 13.600416 | H21: =IF(D21<>0,F21/D21,0) -> 0.10155659 | J21: 1.4559922 | L21: =F21*J21 -> 19.802099 | N21: =IF(D21<>0,L21/D21,0) -> 0.14786561
D22: 1874.874 | F22: =SUM(F15:F21) -> 2704.5174 | H22: =IF(D22<>0,F22/D22,0) -> 1.4425062 | L22: =SUM(L15:L21) -> 3583.31 | N22: =IF(D22<>0,L22/D22,0) -> 1.9112271
A24: Internet 3575 | B24: CFS Unit | C24: CFPS COA Scanning | D24: 0 | F24: 0 | H24: =IF(D24<>0,F24/D24,0) -> 0 | J24: 1.7055951 | L24: =F24*J24 -> 0 | N24: =IF(D24<>0,L24/D24,0) -> 0
C25: 3982 Labeling | D25: 14791.556 | F25: 1048.3159 | H25: =IF(D25<>0,F25/D25,0) -> 0.070872593 | J25: 1.7055951 | L25: =F25*J25 -> 1788.0026 | N25: =IF(D25<>0,L25/D25,0) -> 0.12087995
C26: Key From Paper | D26: 0 | F26: 0 | H26: =IF(D26<>0,F26/D26,0) -> 0 | J26: 1.7055951 | L26: =F26*J26 -> 0 | N26: =IF(D26<>0,L26/D26,0) -> 0
B27: Plant | C27: Clerk/MH Processing | D27: 14791.556 | F27: 51.650899 | H27: =IF(D27<>0,F27/D27,0) -> 0.0034919179 | J27: 1.7055951 | L27: =F27*J27 -> 88.095523 | N27: =IF(D27<>0,L27/D27,0) -> 0.0059557982
B28: Delivery Unit | C28: Carrier Apply Stickers | D28: 14791.556 | F28: 10991.83 | H28: =IF(D28<>0,F28/D28,0) -> 0.74311521 | J28: 1.2964363 | L28: =F28*J28 -> 14250.208 | N28: =IF(D28<>0,L28/D28,0) -> 0.96340154
B29: Delivery Unit | C29: Clerk Filing | D29: 1056.5397 | F29: 107.29857 | H29: =IF(D29<>0,F29/D29,0) -> 0.10155659 | J29: 1.4559922 | L29: =F29*J29 -> 156.22589 | N29: =IF(D29<>0,L29/D29,0) -> 0.14786561
D30: 14791.556 | F30: =SUM(F24:F29) -> 12199.096 | H30: =IF(D30<>0,F30/D30,0) -> 0.82473376 | L30: =SUM(L23:L29) -> 16282.532 | N30: =IF(D30<>0,L30/D30,0) -> 1.1007991
A32: Telephone 3575 | B32: CFS Unit | C32: CFPS COA Scanning | D32: 0 | F32: 0 | H32: =IF(D32<>0,F32/D32,0) -> 0 | J32: 1.7055951 | L32: =F32*J32 -> 0 | N32: =IF(D32<>0,L32/D32,0) -> 0
C33: 3982 Labeling | D33: 0 | F33: 0 | H33: =IF(D33<>0,F33/D33,0) -> 0 | J33: 1.7055951 | L33: =F33*J33 -> 0 | N33: =IF(D33<>0,L33/D33,0) -> 0
C34: Key From Paper | D34: 0 | F34: 0 | H34: =IF(D34<>0,F34/D34,0) -> 0 | J34: 1.7055951 | L34: =F34*J34 -> 0 | N34: =IF(D34<>0,L34/D34,0) -> 0
B35: Plant | C35: Clerk/MH Processing | D35: 0 | F35: 0 | H35: =IF(D35<>0,F35/D35,0) -> 0 | J35: 1.7055951 | L35: =F35*J35 -> 0 | N35: =IF(D35<>0,L35/D35,0) -> 0
B36: Delivery Unit | C36: Carrier Apply Stickers | D36: 0 | F36: 0 | H36: =IF(D36<>0,F36/D36,0) -> 0 | J36: 1.2964363 | L36: =F36*J36 -> 0 | N36: =IF(D36<>0,L36/D36,0) -> 0
B37: Delivery Unit | C37: Clerk Filing | D37: 0 | F37: 0 | H37: =IF(D37<>0,F37/D37,0) -> 0 | J37: 1.4559922 | L37: =F37*J37 -> 0 | N37: =IF(D37<>0,L37/D37,0) -> 0
D38: 0 | F38: =SUM(F32:F37) -> 0 | H38: =IF(D38<>0,F38/D38,0) -> 0 | L38: =SUM(L31:L37) -> 0 | N38: =IF(D38<>0,L38/D38,0) -> 0
C40: Total -- Original COAs | D40: =SUM(D13,D22,D30,D38) -> 25963.542 | F40: =SUM(F13,F22,F30,F38) -> 23696.165 | H40: =IF(D40<>0,F40/D40,0) -> 0.91267074 | L40: =SUM(L13,L22,L30,L38) -> 31642.978 | N40: =IF(D40<>0,L40/D40,0) -> 1.2187466
A42: Table 3.13 - Costs of Processing COA Cards (Form 3575, 3575Z, and 3546): Part 2 - Processing Modified/Deleted COAs
A43: PARS Environment, FY 25
A45: Processing Modified and Deleted COAs
A46: Type | B46: Location | C46: Craft/Activity | D46: Cards (000s) (1) | F46: Overall Cost (000s) (1) | H46: Cost/Card | J46: Piggyback Factor (2) | L46: Total Cost (000s) | N46: Total Cost/Card
A47: Modifications 3546 | B47: Delivery Unit | C47: Carrier Filling Out Form | D47: 9080.4753 | F47: 5398.2714 | H47: =IF(D47<>0,F47/D47,0) -> 0.59449217 | J47: 1.2964363 | L47: =F47*J47 -> 6998.5151 | N47: =IF(D47<>0,L47/D47,0) -> 0.77072123
B48: Plant | C48: Clerk/MH Processing | D48: 9080.4753 | F48: 443.91584 | H48: =IF(D48<>0,F48/D48,0) -> 0.048886851 | J48: 1.7055951 | L48: =F48*J48 -> 757.1407 | N48: =IF(D48<>0,L48/D48,0) -> 0.083381175
B49: CFS Unit | C49: CFPS COA Scanning | D49: 9080.4753 | F49: 190.68351 | H49: =IF(D49<>0,F49/D49,0) -> 0.020999287 | J49: 1.7055951 | L49: =F49*J49 -> 325.22886 | N49: =IF(D49<>0,L49/D49,0) -> 0.035816282
C50: 3982 Labeling | D50: 9080.4753 | F50: 643.55683 | H50: =IF(D50<>0,F50/D50,0) -> 0.070872593 | J50: 1.7055951 | L50: =F50*J50 -> 1097.6474 | N50: =IF(D50<>0,L50/D50,0) -> 0.12087995
C51: Key From Paper | D51: 39.25158 | F51: 20.712698 | H51: =IF(D51<>0,F51/D51,0) -> 0.52769081 | J51: 1.7055951 | L51: =F51*J51 -> 35.327477 | N51: =IF(D51<>0,L51/D51,0) -> 0.90002689
B52: Plant | C52: Clerk/MH Processing | D52: 9080.4753 | F52: 31.708274 | H52: =IF(D52<>0,F52/D52,0) -> 0.0034919179 | J52: 1.7055951 | L52: =F52*J52 -> 54.081479 | N52: =IF(D52<>0,L52/D52,0) -> 0.0059557982
B53: Delivery Unit | C53: Carrier Apply Stickers | D53: 9080.4753 | F53: 6747.8393 | H53: =IF(D53<>0,F53/D53,0) -> 0.74311521 | J53: 1.2964363 | L53: =F53*J53 -> 8748.1438 | N53: =IF(D53<>0,L53/D53,0) -> 0.96340154
B54: Delivery Unit | C54: Clerk Filing | D54: 648.60538 | F54: 65.870153 | H54: =IF(D54<>0,F54/D54,0) -> 0.10155659 | J54: 1.4559922 | L54: =F54*J54 -> 95.906429 | N54: =IF(D54<>0,L54/D54,0) -> 0.14786561
D55: 9080.4753 | F55: =SUM(F47:F54) -> 13542.558 | H55: =IF(D55<>0,F55/D55,0) -> 1.4913931 | L55: =SUM(L47:L54) -> 18111.991 | N55: =IF(D55<>0,L55/D55,0) -> 1.9946083
A57: Deletions 3575 | B57: Delivery Unit | C57: Carrier Filling Out Form | D57: 901.47524 | F57: 535.91997 | H57: =IF(D57<>0,F57/D57,0) -> 0.59449217 | J57: 1.2964363 | L57: =F57*J57 -> 694.78611 | N57: =IF(D57<>0,L57/D57,0) -> 0.77072123
B58: Plant | C58: Clerk/MH Processing | D58: 901.47524 | F58: 44.070286 | H58: =IF(D58<>0,F58/D58,0) -> 0.048886851 | J58: 1.7055951 | L58: =F58*J58 -> 75.166065 | N58: =IF(D58<>0,L58/D58,0) -> 0.083381175
B59: CFS Unit | C59: CFPS COA Scanning | D59: 901.47524 | F59: 18.930337 | H59: =IF(D59<>0,F59/D59,0) -> 0.020999287 | J59: 1.7055951 | L59: =F59*J59 -> 32.287491 | N59: =IF(D59<>0,L59/D59,0) -> 0.035816282
C60: 3982 Labeling | D60: 901.47524 | F60: 63.889888 | H60: =IF(D60<>0,F60/D60,0) -> 0.070872593 | J60: 1.7055951 | L60: =F60*J60 -> 108.97028 | N60: =IF(D60<>0,L60/D60,0) -> 0.12087995
C61: Key From Paper | D61: 3.8967484 | F61: 2.0562783 | H61: =IF(D61<>0,F61/D61,0) -> 0.52769081 | J61: 1.7055951 | L61: =F61*J61 -> 3.5071784 | N61: =IF(D61<>0,L61/D61,0) -> 0.90002689
B62: Plant | C62: Clerk/MH Processing | D62: 901.47524 | F62: 3.1478775 | H62: =IF(D62<>0,F62/D62,0) -> 0.0034919179 | J62: 1.7055951 | L62: =F62*J62 -> 5.3690047 | N62: =IF(D62<>0,L62/D62,0) -> 0.0059557982
B63: Delivery Unit | C63: Carrier Apply Stickers | D63: 901.47524 | F63: 669.89996 | H63: =IF(D63<>0,F63/D63,0) -> 0.74311521 | J63: 1.2964363 | L63: =F63*J63 -> 868.48263 | N63: =IF(D63<>0,L63/D63,0) -> 0.96340154
B64: Delivery Unit | C64: Clerk Filing | D64: 64.391089 | F64: 6.5393396 | H64: =IF(D64<>0,F64/D64,0) -> 0.10155659 | J64: 1.4559922 | L64: =F64*J64 -> 9.5212275 | N64: =IF(D64<>0,L64/D64,0) -> 0.14786561
D65: 901.47524 | F65: =SUM(F57:F64) -> 1344.4539 | H65: =IF(D65<>0,F65/D65,0) -> 1.4913931 | L65: =SUM(L57:L64) -> 1798.09 | N65: =IF(D65<>0,L65/D65,0) -> 1.9946083
C67: Total -- Modified/Deleted | D67: =SUM(D55,D65) -> 9981.9505 | F67: =SUM(F55,F65) -> 14887.012 | H67: =IF(D67<>0,F67/D67,0) -> 1.4913931 | L67: =SUM(L55,L65) -> 19910.081 | N67: =IF(D67<>0,L67/D67,0) -> 1.9946083
A69: Table 3.13 - Costs of Processing COA Cards (Form 3575, 3575Z, and 3546): Part 3 - REC Site Processing
A70: PARS Environment, FY 25
A72: REC Site Processing
A73: Type | B73: Location | C73: Craft/Activity | D73: Cards (000s) (1) | F73: Overall Cost (000s) (1) | H73: Cost/Card | J73: Piggyback Factor (2) | L73: Total Cost (000s) | N73: Total Cost/Card
A74: Originals | B74: REC Site | C74: Clerk Keying | D74: ='Table 3.26-REC Detail NonACS'!E43 -> 25963.542 | E74: (3) | F74: ='Table 3.26-REC Detail NonACS'!F43 -> 11156.433 | G74: (3) | H74: =IF(D74<>0,F74/D74,0) -> 0.42969612 | J74: ='Table 3.26-REC Detail NonACS'!I43 -> 1.2615773 | L74: =F74*J74 -> 14074.703 | N74: =IF(D74<>0,L74/D74,0) -> 0.54209488
A75: Mods/Deletes | B75: REC Site | C75: Clerk Keying | D75: ='Table 3.26-REC Detail NonACS'!E44 -> 9981.9505 | E75: (3) | F75: ='Table 3.26-REC Detail NonACS'!F44 -> 4289.2054 | G75: (3) | H75: =IF(D75<>0,F75/D75,0) -> 0.42969612 | J75: ='Table 3.26-REC Detail NonACS'!I44 -> 1.2615773 | L75: =F75*J75 -> 5411.1643 | N75: =IF(D75<>0,L75/D75,0) -> 0.54209488
C77: Total -- REC Site | D77: =D74 -> 25963.542 | F77: =SUM(F74:F75) -> 15445.639 | L77: =SUM(L74:L75) -> 19485.867 | N77: =IF(D77<>0,L77/D77,0) -> 0.75050883
C79: Grand Total | D79: =D40 -> 25963.542 | F79: =SUM(F40,F67,F77) -> 54028.816 | H79: =IF(D79<>0,F79/D79,0) -> 2.0809493 | L79: =SUM(L40,L67,L77) -> 71038.927 | N79: =IF(D79<>0,L79/D79,0) -> 2.7361031
C81: check ---> | D81: 0 | F81: 0 | H81: 0
C82: check ---> | D82: 0 | F82: 0 | H82: 0
C83: check ---> | D83: 0 | F83: 0
A85: Notes:
A86: (1) Refer to PARS 25 Baseline Cost Model, Route Module.
A87: (2) Based on FY 25 piggyback factors.
A88: (3) Refer to Table 3.26.

Sheet Table 3.14-Route UAA
A1: Table 3.14 - Cost of UAA at the Originating Delivery Unit Route, All Pieces (Part 1)
A2: PARS Environment, FY 25
B3: Total Hours (000s) (1) | C3: Overall Cost (000s) (1) | D3: Volume (000s) (1) | F3: Cost/ Piece | H3: Piggyback Factor (2) | J3: Total Cost (000s) | K3: Total Cost/Piece
A4: 1. Mailstream: UAA Mail Directly Sent to Nixie Unit
A6: Nixie Unit RTS
A7: City Carriers | B7: 724.81343 | C7: 33397.038 | D7: 488414.86 | F7: =C7/D7 -> 0.068378424 | H7: 1.301079 | J7: =C7*H7 -> 43452.185 | K7: =F7*(H7) -> 0.088965731 | N7: =B7-'Table 3.15-Route UAA NoPARS'!B7-'Table 3.16-Route UAA PARS'!B7 -> 0 | O7: =C7-'Table 3.15-Route UAA NoPARS'!C7-'Table 3.16-Route UAA PARS'!C7 -> 0 | P7: =D7-'Table 3.15-Route UAA NoPARS'!D7-'Table 3.16-Route UAA PARS'!D7 -> 0
A8: Rural Carriers | B8: 258.70192 | C8: 6745.3964 | D8: 182467.59 | F8: =C8/D8 -> 0.036967641 | H8: 1.2077066 | J8: =C8*H8 -> 8146.4599 | K8: =F8*(H8) -> 0.044646064 | N8: =B8-'Table 3.15-Route UAA NoPARS'!B8-'Table 3.16-Route UAA PARS'!B8 -> 0 | O8: =C8-'Table 3.15-Route UAA NoPARS'!C8-'Table 3.16-Route UAA PARS'!C8 -> 0 | P8: =D8-'Table 3.15-Route UAA NoPARS'!D8-'Table 3.16-Route UAA PARS'!D8 -> 0
A9: PO Boxes | B9: 194.48154 | C9: 6788.352 | D9: 132501.65 | F9: =C9/D9 -> 0.051232209 | H9: 1.4559922 | J9: =C9*H9 -> 9883.7876 | K9: =F9*(H9) -> 0.074593696 | N9: =B9-'Table 3.15-Route UAA NoPARS'!B9-'Table 3.16-Route UAA PARS'!B9 -> 0 | O9: =C9-'Table 3.15-Route UAA NoPARS'!C9-'Table 3.16-Route UAA PARS'!C9 -> 0 | P9: =D9-'Table 3.15-Route UAA NoPARS'!D9-'Table 3.16-Route UAA PARS'!D9 -> 0
A10: HWY Contract | B10: 5.3617546 | C10: 236.85766 | D10: 3728.1275 | F10: =C10/D10 -> 0.063532606 | H10: 1.2077066 | J10: =C10*H10 -> 286.05456 | K10: =F10*(H10) -> 0.076728749 | N10: =B10-'Table 3.15-Route UAA NoPARS'!B10-'Table 3.16-Route UAA PARS'!B10 -> 0 | O10: =C10-'Table 3.15-Route UAA NoPARS'!C10-'Table 3.16-Route UAA PARS'!C10 -> 0 | P10: =D10-'Table 3.15-Route UAA NoPARS'!D10-'Table 3.16-Route UAA PARS'!D10 -> 0
A11: Subtotal | B11: =SUM(B7:B10) -> 1183.3586 | C11: =SUM(C7:C10) -> 47167.644 | D11: =SUM(D7:D10) -> 807112.23 | F11: =C11/D11 -> 0.058440007 | J11: =SUM(J7:J10) -> 61768.487 | K11: =SUMPRODUCT(K7:K10,D7:D10)/D11 -> 0.076530233 | N11: =B11-'Table 3.15-Route UAA NoPARS'!B11-'Table 3.16-Route UAA PARS'!B11 -> 0 | O11: =C11-'Table 3.15-Route UAA NoPARS'!C11-'Table 3.16-Route UAA PARS'!C11 -> 0 | P11: =D11-'Table 3.15-Route UAA NoPARS'!D11-'Table 3.16-Route UAA PARS'!D11 -> 0
A13: ACS Nixie - Returned to Sender from CFS/CIOSS
A14: City Carriers | B14: 114.36779 | C14: 5287.9271 | D14: 76355.26 | F14: =C14/D14 -> 0.069254261 | H14: 1.301079 | J14: =C14*H14 -> 6880.0109 | K14: =F14*(H14) -> 0.090105264 | N14: =B14-'Table 3.15-Route UAA NoPARS'!B14-'Table 3.16-Route UAA PARS'!B14 -> 0 | O14: =C14-'Table 3.15-Route UAA NoPARS'!C14-'Table 3.16-Route UAA PARS'!C14 -> 0 | P14: =D14-'Table 3.15-Route UAA NoPARS'!D14-'Table 3.16-Route UAA PARS'!D14 -> 0
A15: Rural Carriers | B15: 64.538717 | C15: 1749.1112 | D15: 43421.033 | F15: =C15/D15 -> 0.040282578 | H15: 1.2077066 | J15: =C15*H15 -> 2112.4131 | K15: =F15*(H15) -> 0.048649536 | N15: =B15-'Table 3.15-Route UAA NoPARS'!B15-'Table 3.16-Route UAA PARS'!B15 -> 0 | O15: =C15-'Table 3.15-Route UAA NoPARS'!C15-'Table 3.16-Route UAA PARS'!C15 -> 0 | P15: =D15-'Table 3.15-Route UAA NoPARS'!D15-'Table 3.16-Route UAA PARS'!D15 -> 0
A16: PO Boxes | B16: 51.273303 | C16: 1092.9796 | D16: 21571.214 | F16: =C16/D16 -> 0.050668434 | H16: 1.4559922 | J16: =C16*H16 -> 1591.3698 | K16: =F16*(H16) -> 0.073772845 | N16: =B16-'Table 3.15-Route UAA NoPARS'!B16-'Table 3.16-Route UAA PARS'!B16 -> 0 | O16: =C16-'Table 3.15-Route UAA NoPARS'!C16-'Table 3.16-Route UAA PARS'!C16 -> 0 | P16: =D16-'Table 3.15-Route UAA NoPARS'!D16-'Table 3.16-Route UAA PARS'!D16 -> 0
A17: HWY Contract | B17: 1.1809517 | C17: 52.169012 | D17: 814.75319 | F17: =C17/D17 -> 0.064030449 | H17: 1.2077066 | J17: =C17*H17 -> 63.004861 | K17: =F17*(H17) -> 0.077329996 | N17: =B17-'Table 3.15-Route UAA NoPARS'!B17-'Table 3.16-Route UAA PARS'!B17 -> 0 | O17: =C17-'Table 3.15-Route UAA NoPARS'!C17-'Table 3.16-Route UAA PARS'!C17 -> 0 | P17: =D17-'Table 3.15-Route UAA NoPARS'!D17-'Table 3.16-Route UAA PARS'!D17 -> 0
A18: Subtotal | B18: =SUM(B14:B17) -> 231.36076 | C18: =SUM(C14:C17) -> 8182.1869 | D18: =SUM(D14:D17) -> 142162.26 | F18: =C18/D18 -> 0.057555267 | J18: =SUM(J14:J17) -> 10646.799 | K18: =SUMPRODUCT(K14:K17,D14:D17)/D18 -> 0.074891878 | N18: =B18-'Table 3.15-Route UAA NoPARS'!B18-'Table 3.16-Route UAA PARS'!B18 -> 0 | O18: =C18-'Table 3.15-Route UAA NoPARS'!C18-'Table 3.16-Route UAA PARS'!C18 -> 0 | P18: =D18-'Table 3.15-Route UAA NoPARS'!D18-'Table 3.16-Route UAA PARS'!D18 -> 0
A20: ACS Nixie - Wasted at CFS/CIOSS
A21: City Carriers | B21: 385.54988 | C21: 17814.017 | D21: 252640.95 | F21: =C21/D21 -> 0.070511204 | H21: 1.301079 | J21: =C21*H21 -> 23177.444 | K21: =F21*(H21) -> 0.091740647 | N21: =B21-'Table 3.15-Route UAA NoPARS'!B21-'Table 3.16-Route UAA PARS'!B21 -> 0 | O21: =C21-'Table 3.15-Route UAA NoPARS'!C21-'Table 3.16-Route UAA PARS'!C21 -> 0 | P21: =D21-'Table 3.15-Route UAA NoPARS'!D21-'Table 3.16-Route UAA PARS'!D21 -> 0
A22: Rural Carriers | B22: 181.49826 | C22: 4777.8695 | D22: 123341.72 | F22: =C22/D22 -> 0.038736848 | H22: 1.2077066 | J22: =C22*H22 -> 5770.2646 | K22: =F22*(H22) -> 0.046782748 | N22: =B22-'Table 3.15-Route UAA NoPARS'!B22-'Table 3.16-Route UAA PARS'!B22 -> 0 | O22: =C22-'Table 3.15-Route UAA NoPARS'!C22-'Table 3.16-Route UAA PARS'!C22 -> 0 | P22: =D22-'Table 3.15-Route UAA NoPARS'!D22-'Table 3.16-Route UAA PARS'!D22 -> 0
A23: PO Boxes | B23: 84.023046 | C23: 2977.3705 | D23: 56349.234 | F23: =C23/D23 -> 0.052837817 | H23: 1.4559922 | J23: =C23*H23 -> 4335.0283 | K23: =F23*(H23) -> 0.07693145 | N23: =B23-'Table 3.15-Route UAA NoPARS'!B23-'Table 3.16-Route UAA PARS'!B23 -> 0 | O23: =C23-'Table 3.15-Route UAA NoPARS'!C23-'Table 3.16-Route UAA PARS'!C23 -> 0 | P23: =D23-'Table 3.15-Route UAA NoPARS'!D23-'Table 3.16-Route UAA PARS'!D23 -> 0
A24: HWY Contract | B24: 2.3486689 | C24: 103.75339 | D24: 1620.3758 | F24: =C24/D24 -> 0.064030449 | H24: 1.2077066 | J24: =C24*H24 -> 125.30365 | K24: =F24*(H24) -> 0.077329996 | N24: =B24-'Table 3.15-Route UAA NoPARS'!B24-'Table 3.16-Route UAA PARS'!B24 -> 0 | O24: =C24-'Table 3.15-Route UAA NoPARS'!C24-'Table 3.16-Route UAA PARS'!C24 -> 0 | P24: =D24-'Table 3.15-Route UAA NoPARS'!D24-'Table 3.16-Route UAA PARS'!D24 -> 0
A25: Subtotal | B25: =SUM(B21:B24) -> 653.41985 | C25: =SUM(C21:C24) -> 25673.011 | D25: =SUM(D21:D24) -> 433952.27 | F25: =C25/D25 -> 0.059160908 | J25: =SUM(J21:J24) -> 33408.04 | K25: =SUMPRODUCT(K21:K24,D21:D24)/D25 -> 0.076985517 | N25: =B25-'Table 3.15-Route UAA NoPARS'!B25-'Table 3.16-Route UAA PARS'!B25 -> 0 | O25: =C25-'Table 3.15-Route UAA NoPARS'!C25-'Table 3.16-Route UAA PARS'!C25 -> 0 | P25: =D25-'Table 3.15-Route UAA NoPARS'!D25-'Table 3.16-Route UAA PARS'!D25 -> 0
A27: Hand Forwarded
A28: City Carriers | B28: 24.149467 | C28: 1048.0053 | D28: 18039.67 | F28: =C28/D28 -> 0.058094479 | H28: 1.301079 | J28: =C28*H28 -> 1363.5376 | K28: =F28*(H28) -> 0.075585507 | N28: =B28-'Table 3.15-Route UAA NoPARS'!B28-'Table 3.16-Route UAA PARS'!B28 -> 0 | O28: =C28-'Table 3.15-Route UAA NoPARS'!C28-'Table 3.16-Route UAA PARS'!C28 -> 0 | P28: =D28-'Table 3.15-Route UAA NoPARS'!D28-'Table 3.16-Route UAA PARS'!D28 -> 0
A29: Rural Carriers | B29: 12.349277 | C29: 311.6494 | D29: 9024.3644 | F29: =C29/D29 -> 0.034534221 | H29: 1.2077066 | J29: =C29*H29 -> 376.38104 | K29: =F29*(H29) -> 0.041707208 | N29: =B29-'Table 3.15-Route UAA NoPARS'!B29-'Table 3.16-Route UAA PARS'!B29 -> 0 | O29: =C29-'Table 3.15-Route UAA NoPARS'!C29-'Table 3.16-Route UAA PARS'!C29 -> 0 | P29: =D29-'Table 3.15-Route UAA NoPARS'!D29-'Table 3.16-Route UAA PARS'!D29 -> 0
A30: PO Boxes | B30: 9.8962025 | C30: 1143.4155 | D30: 5016.4272 | F30: =C30/D30 -> 0.22793424 | H30: 1.4559922 | J30: =C30*H30 -> 1664.8041 | K30: =F30*(H30) -> 0.33187047 | N30: =B30-'Table 3.15-Route UAA NoPARS'!B30-'Table 3.16-Route UAA PARS'!B30 -> 0 | O30: =C30-'Table 3.15-Route UAA NoPARS'!C30-'Table 3.16-Route UAA PARS'!C30 -> 0 | P30: =D30-'Table 3.15-Route UAA NoPARS'!D30-'Table 3.16-Route UAA PARS'!D30 -> 0
A31: HWY Contract | B31: 0.078932616 | C31: 3.4868799 | D31: 60.290515 | F31: =C31/D31 -> 0.057834634 | H31: 1.2077066 | J31: =C31*H31 -> 4.2111279 | K31: =F31*(H31) -> 0.06984727 | N31: =B31-'Table 3.15-Route UAA NoPARS'!B31-'Table 3.16-Route UAA PARS'!B31 -> 0 | O31: =C31-'Table 3.15-Route UAA NoPARS'!C31-'Table 3.16-Route UAA PARS'!C31 -> 0 | P31: =D31-'Table 3.15-Route UAA NoPARS'!D31-'Table 3.16-Route UAA PARS'!D31 -> 0
A32: Subtotal | B32: =SUM(B28:B31) -> 46.473879 | C32: =SUM(C28:C31) -> 2506.557 | D32: =SUM(D28:D31) -> 32140.753 | F32: =C32/D32 -> 0.077986881 | J32: =SUM(J28:J31) -> 3408.9339 | K32: =SUMPRODUCT(K28:K31,D28:D31)/D32 -> 0.10606266 | N32: =B32-'Table 3.15-Route UAA NoPARS'!B32-'Table 3.16-Route UAA PARS'!B32 -> 0 | O32: =C32-'Table 3.15-Route UAA NoPARS'!C32-'Table 3.16-Route UAA PARS'!C32 -> 0 | P32: =D32-'Table 3.15-Route UAA NoPARS'!D32-'Table 3.16-Route UAA PARS'!D32 -> 0
A34: Total Directly Sent to Nixie Unit
A35: City Carriers | B35: =SUM(B7,B14,B21,B28) -> 1248.8806 | C35: =SUM(C7,C14,C21,C28) -> 57546.988 | D35: =SUM(D7,D14,D21,D28) -> 835450.74 | F35: =C35/D35 -> 0.068881366 | H35: 1.301079 | J35: =SUM(J7,J14,J21,J28) -> 74873.177 | K35: =F35*(H35) -> 0.089620098 | N35: =B35-'Table 3.15-Route UAA NoPARS'!B35-'Table 3.16-Route UAA PARS'!B35 -> 0 | O35: =C35-'Table 3.15-Route UAA NoPARS'!C35-'Table 3.16-Route UAA PARS'!C35 -> 0 | P35: =D35-'Table 3.15-Route UAA NoPARS'!D35-'Table 3.16-Route UAA PARS'!D35 -> 0
A36: Rural Carriers | B36: =SUM(B8,B15,B22,B29) -> 517.08817 | C36: =SUM(C8,C15,C22,C29) -> 13584.026 | D36: =SUM(D8,D15,D22,D29) -> 358254.71 | F36: =C36/D36 -> 0.037917231 | H36: 1.2077066 | J36: =SUM(J8,J15,J22,J29) -> 16405.519 | K36: =F36*(H36) -> 0.04579289 | N36: =B36-'Table 3.15-Route UAA NoPARS'!B36-'Table 3.16-Route UAA PARS'!B36 -> 0 | O36: =C36-'Table 3.15-Route UAA NoPARS'!C36-'Table 3.16-Route UAA PARS'!C36 -> 0 | P36: =D36-'Table 3.15-Route UAA NoPARS'!D36-'Table 3.16-Route UAA PARS'!D36 -> 0
A37: PO Boxes | B37: =SUM(B9,B16,B23,B30) -> 339.67409 | C37: =SUM(C9,C16,C23,C30) -> 12002.118 | D37: =SUM(D9,D16,D23,D30) -> 215438.52 | F37: =C37/D37 -> 0.055710175 | H37: 1.4559922 | J37: =SUM(J9,J16,J23,J30) -> 17474.99 | K37: =F37*(H37) -> 0.08111358 | N37: =B37-'Table 3.15-Route UAA NoPARS'!B37-'Table 3.16-Route UAA PARS'!B37 -> 0 | O37: =C37-'Table 3.15-Route UAA NoPARS'!C37-'Table 3.16-Route UAA PARS'!C37 -> 0 | P37: =D37-'Table 3.15-Route UAA NoPARS'!D37-'Table 3.16-Route UAA PARS'!D37 -> 0
A38: HWY Contract | B38: =SUM(B10,B17,B24,B31) -> 8.9703078 | C38: =SUM(C10,C17,C24,C31) -> 396.26693 | D38: =SUM(D10,D17,D24,D31) -> 6223.5469 | F38: =C38/D38 -> 0.063672201 | H38: 1.2077066 | J38: =SUM(J10,J17,J24,J31) -> 478.5742 | K38: =F38*(H38) -> 0.076897339 | N38: =B38-'Table 3.15-Route UAA NoPARS'!B38-'Table 3.16-Route UAA PARS'!B38 -> 0 | O38: =C38-'Table 3.15-Route UAA NoPARS'!C38-'Table 3.16-Route UAA PARS'!C38 -> 0 | P38: =D38-'Table 3.15-Route UAA NoPARS'!D38-'Table 3.16-Route UAA PARS'!D38 -> 0
A39: Total | B39: =SUM(B35:B38) -> 2114.6131 | C39: =SUM(C35:C38) -> 83529.399 | D39: =SUM(D35:D38) -> 1415367.5 | J39: =SUM(J35:J38) -> 109232.26 | K39: =SUMPRODUCT(K35:K38,D35:D38)/D39 -> 0.077175899 | N39: =B39-'Table 3.15-Route UAA NoPARS'!B39-'Table 3.16-Route UAA PARS'!B39 -> 0 | O39: =C39-'Table 3.15-Route UAA NoPARS'!C39-'Table 3.16-Route UAA PARS'!C39 -> 0 | P39: =D39-'Table 3.15-Route UAA NoPARS'!D39-'Table 3.16-Route UAA PARS'!D39 -> 0
A42: Table 3.14 - Cost of UAA at the Delivery Unit Route, All Pieces (Parts 2 and 3)
A43: PARS Environment, FY 25
B44: Total Hours (000s) (1) | C44: Overall Cost (000s) (1) | D44: Volume (000s) (1) | F44: Cost/ Piece | H44: Piggyback Factor (2) | J44: Total Cost (000s) | K44: Total Cost/Piece
A45: 2. Mailstream: UAA Mail Directly Sent to CFS/CIOSS
A47: CFS/CIOSS - Forwarded
A48: City Carriers | B48: 60.02851 | C48: 3664.2291 | D48: 48467.712 | F48: =C48/D48 -> 0.075601446 | H48: 1.301079 | J48: =C48*H48 -> 4767.4516 | K48: =F48*(H48) -> 0.098363454 | N48: =B48-'Table 3.15-Route UAA NoPARS'!B48-'Table 3.16-Route UAA PARS'!B48 -> 0 | O48: =C48-'Table 3.15-Route UAA NoPARS'!C48-'Table 3.16-Route UAA PARS'!C48 -> 0 | P48: =D48-'Table 3.15-Route UAA NoPARS'!D48-'Table 3.16-Route UAA PARS'!D48 -> 0 | Q48: =J48-'Table 3.15-Route UAA NoPARS'!J48-'Table 3.16-Route UAA PARS'!J48 -> 0
A49: Rural Carriers | B49: 13.948532 | C49: 583.26577 | D49: 22359.798 | F49: =C49/D49 -> 0.026085467 | H49: 1.2077066 | J49: =C49*H49 -> 704.41392 | K49: =F49*(H49) -> 0.031503591 | N49: =B49-'Table 3.15-Route UAA NoPARS'!B49-'Table 3.16-Route UAA PARS'!B49 -> 0 | O49: =C49-'Table 3.15-Route UAA NoPARS'!C49-'Table 3.16-Route UAA PARS'!C49 -> 0 | P49: =D49-'Table 3.15-Route UAA NoPARS'!D49-'Table 3.16-Route UAA PARS'!D49 -> 0 | Q49: =J49-'Table 3.15-Route UAA NoPARS'!J49-'Table 3.16-Route UAA PARS'!J49 -> 0
A50: PO Boxes | B50: 6.266816 | C50: 489.98891 | D50: 8345.3154 | F50: =C50/D50 -> 0.058714247 | H50: 1.4559922 | J50: =C50*H50 -> 713.42003 | K50: =F50*(H50) -> 0.085487485 | N50: =B50-'Table 3.15-Route UAA NoPARS'!B50-'Table 3.16-Route UAA PARS'!B50 -> 0 | O50: =C50-'Table 3.15-Route UAA NoPARS'!C50-'Table 3.16-Route UAA PARS'!C50 -> 0 | P50: =D50-'Table 3.15-Route UAA NoPARS'!D50-'Table 3.16-Route UAA PARS'!D50 -> 0 | Q50: =J50-'Table 3.15-Route UAA NoPARS'!J50-'Table 3.16-Route UAA PARS'!J50 -> 0
A51: HWY Contract | B51: 0.22582167 | C51: 9.9757625 | D51: 421.32251 | F51: =C51/D51 -> 0.02367726 | H51: 1.2077066 | J51: =C51*H51 -> 12.047794 | K51: =F51*(H51) -> 0.028595183 | N51: =B51-'Table 3.15-Route UAA NoPARS'!B51-'Table 3.16-Route UAA PARS'!B51 -> 0 | O51: =C51-'Table 3.15-Route UAA NoPARS'!C51-'Table 3.16-Route UAA PARS'!C51 -> 0 | P51: =D51-'Table 3.15-Route UAA NoPARS'!D51-'Table 3.16-Route UAA PARS'!D51 -> 0 | Q51: =J51-'Table 3.15-Route UAA NoPARS'!J51-'Table 3.16-Route UAA PARS'!J51 -> 0
A52: Subtotal | B52: =SUM(B48:B51) -> 80.469679 | C52: =SUM(C48:C51) -> 4747.4596 | D52: =SUM(D48:D51) -> 79594.148 | J52: =SUM(J48:J51) -> 6197.3333 | K52: =SUMPRODUCT(K48:K51,D48:D51)/D52 -> 0.077861671 | N52: =B52-'Table 3.15-Route UAA NoPARS'!B52-'Table 3.16-Route UAA PARS'!B52 -> 0 | O52: =C52-'Table 3.15-Route UAA NoPARS'!C52-'Table 3.16-Route UAA PARS'!C52 -> 0 | P52: =D52-'Table 3.15-Route UAA NoPARS'!D52-'Table 3.16-Route UAA PARS'!D52 -> 0 | Q52: =J52-'Table 3.15-Route UAA NoPARS'!J52-'Table 3.16-Route UAA PARS'!J52 -> 0
A55: CFS/CIOSS - Returned to Sender
A56: City Carriers | B56: 65.696417 | C56: 3728.57 | D56: 56734.2 | F56: =C56/D56 -> 0.065719972 | H56: 1.301079 | J56: =C56*H56 -> 4851.1642 | K56: =F56*(H56) -> 0.085506875 | N56: =B56-'Table 3.15-Route UAA NoPARS'!B56-'Table 3.16-Route UAA PARS'!B56 -> 0 | O56: =C56-'Table 3.15-Route UAA NoPARS'!C56-'Table 3.16-Route UAA PARS'!C56 -> 0 | P56: =D56-'Table 3.15-Route UAA NoPARS'!D56-'Table 3.16-Route UAA PARS'!D56 -> 0 | Q56: =J56-'Table 3.15-Route UAA NoPARS'!J56-'Table 3.16-Route UAA PARS'!J56 -> 0
A57: Rural Carriers | B57: 25.06644 | C57: 1158.1055 | D57: 26369.306 | F57: =C57/D57 -> 0.043918696 | H57: 1.2077066 | J57: =C57*H57 -> 1398.6517 | K57: =F57*(H57) -> 0.0530409 | N57: =B57-'Table 3.15-Route UAA NoPARS'!B57-'Table 3.16-Route UAA PARS'!B57 -> 0 | O57: =C57-'Table 3.15-Route UAA NoPARS'!C57-'Table 3.16-Route UAA PARS'!C57 -> 0 | P57: =D57-'Table 3.15-Route UAA NoPARS'!D57-'Table 3.16-Route UAA PARS'!D57 -> 0 | Q57: =J57-'Table 3.15-Route UAA NoPARS'!J57-'Table 3.16-Route UAA PARS'!J57 -> 0
A58: PO Boxes | B58: 7.6922391 | C58: 263.35594 | D58: 8404.5017 | F58: =C58/D58 -> 0.031335104 | H58: 1.4559922 | J58: =C58*H58 -> 383.44419 | K58: =F58*(H58) -> 0.045623667 | N58: =B58-'Table 3.15-Route UAA NoPARS'!B58-'Table 3.16-Route UAA PARS'!B58 -> 0 | O58: =C58-'Table 3.15-Route UAA NoPARS'!C58-'Table 3.16-Route UAA PARS'!C58 -> 0 | P58: =D58-'Table 3.15-Route UAA NoPARS'!D58-'Table 3.16-Route UAA PARS'!D58 -> 0 | Q58: =J58-'Table 3.15-Route UAA NoPARS'!J58-'Table 3.16-Route UAA PARS'!J58 -> 0
A59: HWY Contract | B59: 0.069184845 | C59: 3.0562682 | D59: 150.02583 | F59: =C59/D59 -> 0.020371613 | H59: 1.2077066 | J59: =C59*H59 -> 3.6910753 | K59: =F59*(H59) -> 0.024602932 | N59: =B59-'Table 3.15-Route UAA NoPARS'!B59-'Table 3.16-Route UAA PARS'!B59 -> 0 | O59: =C59-'Table 3.15-Route UAA NoPARS'!C59-'Table 3.16-Route UAA PARS'!C59 -> 0 | P59: =D59-'Table 3.15-Route UAA NoPARS'!D59-'Table 3.16-Route UAA PARS'!D59 -> 0 | Q59: =J59-'Table 3.15-Route UAA NoPARS'!J59-'Table 3.16-Route UAA PARS'!J59 -> 0
A60: Subtotal | B60: =SUM(B56:B59) -> 98.524281 | C60: =SUM(C56:C59) -> 5153.0878 | D60: =SUM(D56:D59) -> 91658.033 | J60: =SUM(J56:J59) -> 6636.9511 | K60: =SUMPRODUCT(K56:K59,D56:D59)/D60 -> 0.072409923 | N60: =B60-'Table 3.15-Route UAA NoPARS'!B60-'Table 3.16-Route UAA PARS'!B60 -> 0 | O60: =C60-'Table 3.15-Route UAA NoPARS'!C60-'Table 3.16-Route UAA PARS'!C60 -> 0 | P60: =D60-'Table 3.15-Route UAA NoPARS'!D60-'Table 3.16-Route UAA PARS'!D60 -> 0 | Q60: =J60-'Table 3.15-Route UAA NoPARS'!J60-'Table 3.16-Route UAA PARS'!J60 -> 0
A62: CFS/CIOSS - Wasted
A63: City Carriers | B63: 63.758929 | C63: 3287.7294 | D63: 52900.889 | F63: =C63/D63 -> 0.06214885 | H63: 1.301079 | J63: =C63*H63 -> 4277.5957 | K63: =F63*(H63) -> 0.080860563 | N63: =B63-'Table 3.15-Route UAA NoPARS'!B63-'Table 3.16-Route UAA PARS'!B63 -> 0 | O63: =C63-'Table 3.15-Route UAA NoPARS'!C63-'Table 3.16-Route UAA PARS'!C63 -> 0 | P63: =D63-'Table 3.15-Route UAA NoPARS'!D63-'Table 3.16-Route UAA PARS'!D63 -> 0 | Q63: =J63-'Table 3.15-Route UAA NoPARS'!J63-'Table 3.16-Route UAA PARS'!J63 -> 0
A64: Rural Carriers | B64: 22.619781 | C64: 1104.5071 | D64: 23215.063 | F64: =C64/D64 -> 0.047577176 | H64: 1.2077066 | J64: =C64*H64 -> 1333.9206 | K64: =F64*(H64) -> 0.05745927 | N64: =B64-'Table 3.15-Route UAA NoPARS'!B64-'Table 3.16-Route UAA PARS'!B64 -> 0 | O64: =C64-'Table 3.15-Route UAA NoPARS'!C64-'Table 3.16-Route UAA PARS'!C64 -> 1.4210855e-13 | P64: =D64-'Table 3.15-Route UAA NoPARS'!D64-'Table 3.16-Route UAA PARS'!D64 -> 0 | Q64: =J64-'Table 3.15-Route UAA NoPARS'!J64-'Table 3.16-Route UAA PARS'!J64 -> 0
A65: PO Boxes | B65: 16.659913 | C65: 2699.7863 | D65: 8945.9695 | F65: =C65/D65 -> 0.30178801 | H65: 1.4559922 | J65: =C65*H65 -> 3930.8678 | K65: =F65*(H65) -> 0.43940099 | N65: =B65-'Table 3.15-Route UAA NoPARS'!B65-'Table 3.16-Route UAA PARS'!B65 -> 3.1086245e-15 | O65: =C65-'Table 3.15-Route UAA NoPARS'!C65-'Table 3.16-Route UAA PARS'!C65 -> -2.9842795e-13 | P65: =D65-'Table 3.15-Route UAA NoPARS'!D65-'Table 3.16-Route UAA PARS'!D65 -> 0 | Q65: =J65-'Table 3.15-Route UAA NoPARS'!J65-'Table 3.16-Route UAA PARS'!J65 -> -2.5579538e-13
A66: HWY Contract | B66: 0.24068243 | C66: 10.632243 | D66: 377.08633 | F66: =C66/D66 -> 0.028195778 | H66: 1.2077066 | J66: =C66*H66 -> 12.84063 | K66: =F66*(H66) -> 0.034052228 | N66: =B66-'Table 3.15-Route UAA NoPARS'!B66-'Table 3.16-Route UAA PARS'!B66 -> 0 | O66: =C66-'Table 3.15-Route UAA NoPARS'!C66-'Table 3.16-Route UAA PARS'!C66 -> 0 | P66: =D66-'Table 3.15-Route UAA NoPARS'!D66-'Table 3.16-Route UAA PARS'!D66 -> 0 | Q66: =J66-'Table 3.15-Route UAA NoPARS'!J66-'Table 3.16-Route UAA PARS'!J66 -> 0
A67: Subtotal | B67: =SUM(B63:B66) -> 103.2793 | C67: =SUM(C63:C66) -> 7102.6551 | D67: =SUM(D63:D66) -> 85439.007 | J67: =SUM(J63:J66) -> 9555.2247 | K67: =SUMPRODUCT(K63:K66,D63:D66)/D67 -> 0.11183679 | N67: =B67-'Table 3.15-Route UAA NoPARS'!B67-'Table 3.16-Route UAA PARS'!B67 -> 0 | O67: =C67-'Table 3.15-Route UAA NoPARS'!C67-'Table 3.16-Route UAA PARS'!C67 -> -1.0231815e-12 | P67: =D67-'Table 3.15-Route UAA NoPARS'!D67-'Table 3.16-Route UAA PARS'!D67 -> 0 | Q67: =J67-'Table 3.15-Route UAA NoPARS'!J67-'Table 3.16-Route UAA PARS'!J67 -> 0
A69: Total Directly Sent to CFS/CIOSS
A70: City Carriers | B70: =SUM(B48,B56,B63) -> 189.48386 | C70: =SUM(C48,C56,C63) -> 10680.529 | D70: =SUM(D48,D56,D63) -> 158102.8 | F70: =C70/D70 -> 0.067554329 | H70: 1.301079 | J70: =C70*H70 -> 13896.211 | K70: =F70*(H70) -> 0.087893518 | N70: =B70-'Table 3.15-Route UAA NoPARS'!B70-'Table 3.16-Route UAA PARS'!B70 -> 0 | O70: =C70-'Table 3.15-Route UAA NoPARS'!C70-'Table 3.16-Route UAA PARS'!C70 -> 0 | P70: =D70-'Table 3.15-Route UAA NoPARS'!D70-'Table 3.16-Route UAA PARS'!D70 -> 0 | Q70: =J70-'Table 3.15-Route UAA NoPARS'!J70-'Table 3.16-Route UAA PARS'!J70 -> 0
A71: Rural Carriers | B71: =SUM(B49,B57,B64) -> 61.634752 | C71: =SUM(C49,C57,C64) -> 2845.8784 | D71: =SUM(D49,D57,D64) -> 71944.166 | F71: =C71/D71 -> 0.039556764 | H71: 1.2077066 | J71: =C71*H71 -> 3436.9862 | K71: =F71*(H71) -> 0.047772966 | N71: =B71-'Table 3.15-Route UAA NoPARS'!B71-'Table 3.16-Route UAA PARS'!B71 -> 0 | O71: =C71-'Table 3.15-Route UAA NoPARS'!C71-'Table 3.16-Route UAA PARS'!C71 -> 0 | P71: =D71-'Table 3.15-Route UAA NoPARS'!D71-'Table 3.16-Route UAA PARS'!D71 -> 0 | Q71: =J71-'Table 3.15-Route UAA NoPARS'!J71-'Table 3.16-Route UAA PARS'!J71 -> 0
A72: PO Boxes | B72: =SUM(B50,B58,B65) -> 30.618968 | C72: =SUM(C50,C58,C65) -> 3453.1312 | D72: =SUM(D50,D58,D65) -> 25695.787 | F72: =C72/D72 -> 0.13438511 | H72: 1.4559922 | J72: =C72*H72 -> 5027.732 | K72: =F72*(H72) -> 0.19566367 | N72: =B72-'Table 3.15-Route UAA NoPARS'!B72-'Table 3.16-Route UAA PARS'!B72 -> 0 | O72: =C72-'Table 3.15-Route UAA NoPARS'!C72-'Table 3.16-Route UAA PARS'!C72 -> 0 | P72: =D72-'Table 3.15-Route UAA NoPARS'!D72-'Table 3.16-Route UAA PARS'!D72 -> 0 | Q72: =J72-'Table 3.15-Route UAA NoPARS'!J72-'Table 3.16-Route UAA PARS'!J72 -> 0
A73: HWY Contract | B73: =SUM(B51,B59,B66) -> 0.53568894 | C73: =SUM(C51,C59,C66) -> 23.664273 | D73: =SUM(D51,D59,D66) -> 948.43467 | F73: =C73/D73 -> 0.024950873 | H73: 1.2077066 | J73: =C73*H73 -> 28.579499 | K73: =F73*(H73) -> 0.030133335 | N73: =B73-'Table 3.15-Route UAA NoPARS'!B73-'Table 3.16-Route UAA PARS'!B73 -> 0 | O73: =C73-'Table 3.15-Route UAA NoPARS'!C73-'Table 3.16-Route UAA PARS'!C73 -> 0 | P73: =D73-'Table 3.15-Route UAA NoPARS'!D73-'Table 3.16-Route UAA PARS'!D73 -> 0 | Q73: =J73-'Table 3.15-Route UAA NoPARS'!J73-'Table 3.16-Route UAA PARS'!J73 -> 0
A74: Total | B74: =SUM(B70:B73) -> 282.27326 | C74: =SUM(C70:C73) -> 17003.202 | D74: =SUM(D70:D73) -> 256691.19 | J74: =SUM(J70:J73) -> 22389.509 | K74: =SUMPRODUCT(K70:K73,D70:D73)/D74 -> 0.08722352 | N74: =B74-'Table 3.15-Route UAA NoPARS'!B74-'Table 3.16-Route UAA PARS'!B74 -> 0 | O74: =C74-'Table 3.15-Route UAA NoPARS'!C74-'Table 3.16-Route UAA PARS'!C74 -> 0 | P74: =D74-'Table 3.15-Route UAA NoPARS'!D74-'Table 3.16-Route UAA PARS'!D74 -> 0 | Q74: =J74-'Table 3.15-Route UAA NoPARS'!J74-'Table 3.16-Route UAA PARS'!J74 -> 0
A77: 3. Mailstream: UAA Mail Directly Sent to Waste Receptacle
A78: City Carriers | B78: 453.47601 | C78: 29042.464 | D78: 915299.26 | F78: =C78/D78 -> 0.03173002 | H78: 1.301079 | J78: =C78*H78 -> 37786.54 | K78: =F78*(H78) -> 0.041283263 | N78: =B78-'Table 3.15-Route UAA NoPARS'!B78-'Table 3.16-Route UAA PARS'!B78 -> 0 | O78: =C78-'Table 3.15-Route UAA NoPARS'!C78-'Table 3.16-Route UAA PARS'!C78 -> 0 | P78: =D78-'Table 3.15-Route UAA NoPARS'!D78-'Table 3.16-Route UAA PARS'!D78 -> 0 | Q78: =J78-'Table 3.15-Route UAA NoPARS'!J78-'Table 3.16-Route UAA PARS'!J78 -> 0
A79: Rural Carriers | B79: 136.48345 | C79: 5774.9183 | D79: 319843.94 | F79: =C79/D79 -> 0.018055425 | H79: 1.2077066 | J79: =C79*H79 -> 6974.407 | K79: =F79*(H79) -> 0.021805657 | N79: =B79-'Table 3.15-Route UAA NoPARS'!B79-'Table 3.16-Route UAA PARS'!B79 -> 0 | O79: =C79-'Table 3.15-Route UAA NoPARS'!C79-'Table 3.16-Route UAA PARS'!C79 -> 0 | P79: =D79-'Table 3.15-Route UAA NoPARS'!D79-'Table 3.16-Route UAA PARS'!D79 -> 0 | Q79: =J79-'Table 3.15-Route UAA NoPARS'!J79-'Table 3.16-Route UAA PARS'!J79 -> 0
A80: PO Boxes | B80: 49.951842 | C80: 2561.001 | D80: 128279.89 | F80: =C80/D80 -> 0.019964166 | H80: 1.4559922 | J80: =C80*H80 -> 3728.7975 | K80: =F80*(H80) -> 0.029067669 | N80: =B80-'Table 3.15-Route UAA NoPARS'!B80-'Table 3.16-Route UAA PARS'!B80 -> 0 | O80: =C80-'Table 3.15-Route UAA NoPARS'!C80-'Table 3.16-Route UAA PARS'!C80 -> 0 | P80: =D80-'Table 3.15-Route UAA NoPARS'!D80-'Table 3.16-Route UAA PARS'!D80 -> 0 | Q80: =J80-'Table 3.15-Route UAA NoPARS'!J80-'Table 3.16-Route UAA PARS'!J80 -> 0
A81: HWY Contract | B81: 3.4076167 | C81: 150.53283 | D81: 5555.4601 | F81: =C81/D81 -> 0.027096375 | H81: 1.2077066 | J81: =C81*H81 -> 181.7995 | K81: =F81*(H81) -> 0.032724472 | N81: =B81-'Table 3.15-Route UAA NoPARS'!B81-'Table 3.16-Route UAA PARS'!B81 -> 0 | O81: =C81-'Table 3.15-Route UAA NoPARS'!C81-'Table 3.16-Route UAA PARS'!C81 -> 0 | P81: =D81-'Table 3.15-Route UAA NoPARS'!D81-'Table 3.16-Route UAA PARS'!D81 -> 0 | Q81: =J81-'Table 3.15-Route UAA NoPARS'!J81-'Table 3.16-Route UAA PARS'!J81 -> 0
A82: Total | B82: =SUM(B78:B81) -> 643.31892 | C82: =SUM(C78:C81) -> 37528.916 | D82: =SUM(D78:D81) -> 1368978.5 | F82: =C82/D82 -> 0.027413809 | J82: =SUM(J78:J81) -> 48671.544 | K82: =SUMPRODUCT(K78:K81,D78:D81)/D82 -> 0.035553182 | N82: =B82-'Table 3.15-Route UAA NoPARS'!B82-'Table 3.16-Route UAA PARS'!B82 -> 0 | O82: =C82-'Table 3.15-Route UAA NoPARS'!C82-'Table 3.16-Route UAA PARS'!C82 -> 0 | P82: =D82-'Table 3.15-Route UAA NoPARS'!D82-'Table 3.16-Route UAA PARS'!D82 -> 0 | Q82: =J82-'Table 3.15-Route UAA NoPARS'!J82-'Table 3.16-Route UAA PARS'!J82 -> 0
A85: Table 3.14 - Cost of UAA at the Delivery Unit Route, All Pieces (Parts 4 & 5)
A86: PARS Environment, FY 25
B87: Total Hours (000s) | C87: Overall Cost (000s) | D87: Volume (000s) | F87: Cost/ Piece | H87: Piggyback Factor (2) | J87: Total Cost (000s) | K87: Total Cost/Piece
A88: 4. CFS/CIOSS No Record Mail & UBBM
A89: No Record Mail
A90: Delivery Unit | B90: n/a | C90: =SUM('Table 3.17-No Record Mail'!F6,'Table 3.17-No Record Mail'!F12) -> 12607.033 | D90: 191419.55 | E90: (3) | F90: =C90/D90 -> 0.065860739 | G90: (4) | H90: 1.2964363 | J90: =C90*H90 -> 16344.215 | K90: =F90*(H90) -> 0.085384254 | O90: =C90-'Table 3.15-Route UAA NoPARS'!C90-'Table 3.16-Route UAA PARS'!C90 -> 0 | P90: =D90-'Table 3.15-Route UAA NoPARS'!D90-'Table 3.16-Route UAA PARS'!D90 -> 0 | Q90: =J90-'Table 3.15-Route UAA NoPARS'!J90-'Table 3.16-Route UAA PARS'!J90 -> 0
A91: CFS/CIOSS, Mail Process & Trans | B91: n/a | C91: =SUM('Table 3.17-No Record Mail'!F7:F8,'Table 3.17-No Record Mail'!F13:F14) -> 32476.302 | D91: 191419.55 | E91: (3) | F91: =C91/D91 -> 0.16966032 | G91: (4) | H91: 1.7055951 | J91: =C91*H91 -> 55391.423 | K91: =F91*(H91) -> 0.28937182 | O91: =C91-'Table 3.15-Route UAA NoPARS'!C91-'Table 3.16-Route UAA PARS'!C91 -> 0 | P91: =D91-'Table 3.15-Route UAA NoPARS'!D91-'Table 3.16-Route UAA PARS'!D91 -> 0 | Q91: =J91-'Table 3.15-Route UAA NoPARS'!J91-'Table 3.16-Route UAA PARS'!J91 -> 0
A92: Unendorsed Bulk Business Mail (UBBM)
A93: Delivery Unit | B93: n/a | C93: ='Table 3.17-No Record Mail'!F18 -> 1464.6579 | D93: 24508.293 | E93: (3) | F93: =C93/D93 -> 0.059761728 | G93: (4) | H93: 1.2964363 | J93: =C93*H93 -> 1898.8357 | K93: =F93*(H93) -> 0.077477274 | O93: =C93-'Table 3.15-Route UAA NoPARS'!C93-'Table 3.16-Route UAA PARS'!C93 -> 0 | P93: =D93-'Table 3.15-Route UAA NoPARS'!D93-'Table 3.16-Route UAA PARS'!D93 -> 0 | Q93: =J93-'Table 3.15-Route UAA NoPARS'!J93-'Table 3.16-Route UAA PARS'!J93 -> 0
A94: CFS/CIOSS, Mail Process & Trans | B94: n/a | C94: =SUM('Table 3.17-No Record Mail'!F19:F20) -> 2421.1836 | D94: 24508.293 | E94: (3) | F94: =C94/D94 -> 0.098790381 | G94: (4) | H94: 1.7055951 | J94: =C94*H94 -> 4129.559 | K94: =F94*(H94) -> 0.16849639 | O94: =C94-'Table 3.15-Route UAA NoPARS'!C94-'Table 3.16-Route UAA PARS'!C94 -> 0 | P94: =D94-'Table 3.15-Route UAA NoPARS'!D94-'Table 3.16-Route UAA PARS'!D94 -> 0 | Q94: =J94-'Table 3.15-Route UAA NoPARS'!J94-'Table 3.16-Route UAA PARS'!J94 -> 0
A96: 5. Final Disposition Including CFS/CIOSS NRM & UBBM
A98: UAA Mail Directly Sent to Nixie Unit
A99: Returned To Sender | B99: n/a | C99: n/a | D99: =D11 -> 807112.23 | F99: n/a | H99: n/a | J99: =J11+SUM($J$90:$J$91)*D99/SUM($D$103,$D$109) -> 96395.687 | K99: =J99/D99 -> 0.11943282 | P99: =D99-'Table 3.15-Route UAA NoPARS'!D99-'Table 3.16-Route UAA PARS'!D99 -> 0 | Q99: =J99-'Table 3.15-Route UAA NoPARS'!J99-'Table 3.16-Route UAA PARS'!J99 -> 0
A100: ACS Nixie - RTS from CFS Unit | B100: n/a | C100: n/a | D100: =D18 -> 142162.26 | F100: n/a | H100: n/a | J100: =J18+SUM($J$90:$J$91)*D100/SUM($D$103,$D$109) -> 16745.927 | K100: =J100/D100 -> 0.11779446 | P100: =D100-'Table 3.15-Route UAA NoPARS'!D100-'Table 3.16-Route UAA PARS'!D100 -> 0 | Q100: =J100-'Table 3.15-Route UAA NoPARS'!J100-'Table 3.16-Route UAA PARS'!J100 -> 0
A101: ACS Nixie - Wasted at CFS Unit | B101: n/a | C101: n/a | D101: =D25 -> 433952.27 | F101: n/a | H101: n/a | J101: =J25+SUM($J$90:$J$91)*D101/SUM($D$103,$D$109) -> 52025.714 | K101: =J101/D101 -> 0.1198881 | P101: =D101-'Table 3.15-Route UAA NoPARS'!D101-'Table 3.16-Route UAA PARS'!D101 -> 0 | Q101: =J101-'Table 3.15-Route UAA NoPARS'!J101-'Table 3.16-Route UAA PARS'!J101 -> 0
A102: Hand Forwarded | B102: n/a | C102: n/a | D102: =D32 -> 32140.753 | F102: n/a | H102: n/a | J102: =J32+SUM($J$90:$J$91)*D102/SUM($D$103,$D$109) -> 4787.8552 | K102: =J102/D102 -> 0.14896525 | P102: =D102-'Table 3.15-Route UAA NoPARS'!D102-'Table 3.16-Route UAA PARS'!D102 -> 0 | Q102: =J102-'Table 3.15-Route UAA NoPARS'!J102-'Table 3.16-Route UAA PARS'!J102 -> 0
A103: Total - Nixie Unit | D103: =SUM(D99:D102) -> 1415367.5 | J103: =SUM(J99:J102) -> 169955.18 | K103: =J103/D103 -> 0.12007848 | P103: =D103-'Table 3.15-Route UAA NoPARS'!D103-'Table 3.16-Route UAA PARS'!D103 -> 0 | Q103: =J103-'Table 3.15-Route UAA NoPARS'!J103-'Table 3.16-Route UAA PARS'!J103 -> 0
A105: UAA Mail Directly Sent to CFS/CIOSS
A106: CFS/CIOSS - Forwarded | B106: n/a | C106: n/a | D106: =D52 -> 79594.148 | F106: n/a | H106: n/a | J106: =J52+SUM($J$90:$J$91)*D106/SUM($D$103,$D$109) -> 9612.1279 | K106: =J106/D106 -> 0.12076425 | P106: =D106-'Table 3.15-Route UAA NoPARS'!D106-'Table 3.16-Route UAA PARS'!D106 -> 0 | Q106: =J106-'Table 3.15-Route UAA NoPARS'!J106-'Table 3.16-Route UAA PARS'!J106 -> 0
A107: CFS/CIOSS - Returned To Sender | B107: n/a | C107: n/a | D107: =D60 -> 91658.033 | F107: n/a | H107: n/a | J107: =J60+SUM($J$90:$J$91)*D107/SUM($D$103,$D$109) -> 10569.318 | K107: =J107/D107 -> 0.11531251 | P107: =D107-'Table 3.15-Route UAA NoPARS'!D107-'Table 3.16-Route UAA PARS'!D107 -> 0 | Q107: =J107-'Table 3.15-Route UAA NoPARS'!J107-'Table 3.16-Route UAA PARS'!J107 -> 0
A108: CFS/CIOSS - Wasted | B108: n/a | C108: n/a | D108: =D67 -> 85439.007 | F108: n/a | H108: n/a | J108: =J67+SUM($J$90:$J$91)*D108/SUM($D$103,$D$109) -> 13220.779 | K108: =J108/D108 -> 0.15473938 | P108: =D108-'Table 3.15-Route UAA NoPARS'!D108-'Table 3.16-Route UAA PARS'!D108 -> 0 | Q108: =J108-'Table 3.15-Route UAA NoPARS'!J108-'Table 3.16-Route UAA PARS'!J108 -> 0
A109: Total - CFS/CIOSS | D109: =SUM(D106:D108) -> 256691.19 | J109: =SUM(J106:J108) -> 33402.224 | K109: =J109/D109 -> 0.1301261 | P109: =D109-'Table 3.15-Route UAA NoPARS'!D109-'Table 3.16-Route UAA PARS'!D109 -> 0 | Q109: =J109-'Table 3.15-Route UAA NoPARS'!J109-'Table 3.16-Route UAA PARS'!J109 -> 0
A111: UAA Mail Directly Sent to Waste Receptacle | B111: n/a | C111: n/a | D111: =D82 -> 1368978.5 | J111: =SUM(J93:J94)+J82 -> 54699.939 | K111: =J111/D111 -> 0.039956754 | P111: =D111-'Table 3.15-Route UAA NoPARS'!D111-'Table 3.16-Route UAA PARS'!D111 -> 0 | Q111: =J111-'Table 3.15-Route UAA NoPARS'!J111-'Table 3.16-Route UAA PARS'!J111 -> 0
A114: checks ---> | B114: 0 | C114: 0 | D114: 0 | J114: =SUM(J103,J109)-J39-J74-SUM(J90:J91) -> 0
B115: 0 | C115: 0 | D115: 0 | J115: =J111-J82-J93-J94 -> 0
B116: 0 | C116: 0 | D116: 0 | J116: 0
B117: 0 | C117: 0 | D117: 0 | J117: 0
D118: -3.2014214e-10 | J118: 0
A120: Notes:
A121: (1) Refer to PARS 25 Baseline Cost Model, Route Module.
A122: (2) Based on FY 25 piggyback factors.
A123: (3) Based on FCS database 04 adjusted for PARS environment and FY 25 growth. Refer to PARS 25 Baseline Cost Model, Route Module.
...

Sheet Table 3.15-Route UAA NoPARS
A1: Table 3.15 - Cost of UAA at the Originating Delivery Unit Route, Non-PARS Pieces (Part 1)
A2: PARS Environment, FY 25
B3: Total Hours (000s) (1) | C3: Overall Cost (000s) (1) | D3: Volume (000s) (1) | F3: Cost/ Piece | H3: Piggyback Factor (2) | J3: Total Cost (000s) | K3: Total Cost/Piece
A4: 1. Mailstream: UAA Mail Directly Sent to Nixie Unit
A6: Nixie Unit RTS
A7: City Carriers | B7: 57.989732 | C7: 2461.3093 | D7: 26516.06 | F7: =IF(D7<>0,C7/D7,0) -> 0.092823342 | H7: 1.301079 | J7: =C7*H7 -> 3202.3578 | K7: =F7*(H7) -> 0.1207705
A8: Rural Carriers | B8: 10.649232 | C8: 454.96478 | D8: 5242.0777 | F8: =IF(D8<>0,C8/D8,0) -> 0.086790927 | H8: 1.2077066 | J8: =C8*H8 -> 549.46398 | K8: =F8*(H8) -> 0.10481798
A9: PO Boxes | B9: 12.757671 | C9: 675.51324 | D9: 4633.5213 | F9: =IF(D9<>0,C9/D9,0) -> 0.14578831 | H9: 1.4559922 | J9: =C9*H9 -> 983.54201 | K9: =F9*(H9) -> 0.21226664
A10: HWY Contract | B10: 0.51721059 | C10: 22.847985 | D10: 385.8165 | F10: =IF(D10<>0,C10/D10,0) -> 0.059219822 | H10: 1.2077066 | J10: =C10*H10 -> 27.593662 | K10: =F10*(H10) -> 0.071520171
A11: Subtotal | B11: =SUM(B7:B10) -> 81.913847 | C11: =SUM(C7:C10) -> 3614.6353 | D11: =SUM(D7:D10) -> 36777.475 | F11: =IF(D11<>0,C11/D11,0) -> 0.098283943 | J11: =SUM(J7:J10) -> 4762.9575 | K11: =SUMPRODUCT(K7:K10,D7:D10)/D11 -> 0.12950746
A13: ACS Nixie - Returned to Sender from CFS/CIOSS
A14: City Carriers | B14: 5.9556012 | C14: 274.82614 | D14: 2673.511 | F14: =IF(D14<>0,C14/D14,0) -> 0.10279596 | H14: 1.301079 | J14: =C14*H14 -> 357.57052 | K14: =F14*(H14) -> 0.13374567
A15: Rural Carriers | B15: 4.6144432 | C15: 237.69516 | D15: 2078.5346 | F15: =IF(D15<>0,C15/D15,0) -> 0.11435708 | H15: 1.2077066 | J15: =C15*H15 -> 287.06602 | K15: =F15*(H15) -> 0.13810981
A16: PO Boxes | B16: 29.171765 | C16: 351.74835 | D16: 6323.0888 | F16: =IF(D16<>0,C16/D16,0) -> 0.055629197 | H16: 1.4559922 | J16: =C16*H16 -> 512.14286 | K16: =F16*(H16) -> 0.080995677
A17: HWY Contract | B17: 0 | C17: 0 | D17: 0 | F17: =IF(D17<>0,C17/D17,0) -> 0 | H17: 1.2077066 | J17: =C17*H17 -> 0 | K17: =F17*(H17) -> 0
A18: Subtotal | B18: =SUM(B14:B17) -> 39.741809 | C18: =SUM(C14:C17) -> 864.26965 | D18: =SUM(D14:D17) -> 11075.134 | F18: =IF(D18<>0,C18/D18,0) -> 0.078036945 | J18: =SUM(J14:J17) -> 1156.7794 | K18: =SUMPRODUCT(K14:K17,D14:D17)/D18 -> 0.10444834
A20: ACS Nixie - Wasted at CFS/CIOSS
A21: City Carriers | B21: 27.004158 | C21: 1234.4614 | D21: 11895.728 | F21: =IF(D21<>0,C21/D21,0) -> 0.1037735 | H21: 1.301079 | J21: =C21*H21 -> 1606.1318 | K21: =F21*(H21) -> 0.13501753
A22: Rural Carriers | B22: 7.6988297 | C22: 394.28294 | D22: 3435.3404 | F22: =IF(D22<>0,C22/D22,0) -> 0.1147726 | H22: 1.2077066 | J22: =C22*H22 -> 476.17812 | K22: =F22*(H22) -> 0.13861163
A23: PO Boxes | B23: 6.0117841 | C23: 361.06453 | D23: 2528.2977 | F23: =IF(D23<>0,C23/D23,0) -> 0.14280934 | H23: 1.4559922 | J23: =C23*H23 -> 525.70713 | K23: =F23*(H23) -> 0.20792928
A24: HWY Contract | B24: 0 | C24: 0 | D24: 0 | F24: =IF(D24<>0,C24/D24,0) -> 0 | H24: 1.2077066 | J24: =C24*H24 -> 0 | K24: =F24*(H24) -> 0
A25: Subtotal | B25: =SUM(B21:B24) -> 40.714771 | C25: =SUM(C21:C24) -> 1989.8089 | D25: =SUM(D21:D24) -> 17859.366 | F25: =IF(D25<>0,C25/D25,0) -> 0.11141542 | J25: =SUM(J21:J24) -> 2608.0171 | K25: =SUMPRODUCT(K21:K24,D21:D24)/D25 -> 0.14603077
A27: Hand Forwarded
A28: City Carriers | B28: 24.149467 | C28: 1048.0053 | D28: 18039.67 | F28: =IF(D28<>0,C28/D28,0) -> 0.058094479 | H28: 1.301079 | J28: =C28*H28 -> 1363.5376 | K28: =F28*(H28) -> 0.075585507
A29: Rural Carriers | B29: 12.349277 | C29: 311.6494 | D29: 9024.3644 | F29: =IF(D29<>0,C29/D29,0) -> 0.034534221 | H29: 1.2077066 | J29: =C29*H29 -> 376.38104 | K29: =F29*(H29) -> 0.041707208
A30: PO Boxes | B30: 9.8962025 | C30: 1143.4155 | D30: 5016.4272 | F30: =IF(D30<>0,C30/D30,0) -> 0.22793424 | H30: 1.4559922 | J30: =C30*H30 -> 1664.8041 | K30: =F30*(H30) -> 0.33187047
A31: HWY Contract | B31: 0.078932616 | C31: 3.4868799 | D31: 60.290515 | F31: =IF(D31<>0,C31/D31,0) -> 0.057834634 | H31: 1.2077066 | J31: =C31*H31 -> 4.2111279 | K31: =F31*(H31) -> 0.06984727
A32: Subtotal | B32: =SUM(B28:B31) -> 46.473879 | C32: =SUM(C28:C31) -> 2506.557 | D32: =SUM(D28:D31) -> 32140.753 | F32: =IF(D32<>0,C32/D32,0) -> 0.077986881 | J32: =SUM(J28:J31) -> 3408.9339 | K32: =SUMPRODUCT(K28:K31,D28:D31)/D32 -> 0.10606266
A34: Total Directly Sent to Nixie Unit
A35: City Carriers | B35: =SUM(B7,B14,B21,B28) -> 115.09896 | C35: =SUM(C7,C14,C21,C28) -> 5018.6021 | D35: =SUM(D7,D14,D21,D28) -> 59124.97 | F35: =IF(D35<>0,C35/D35,0) -> 0.084881263 | H35: 1.301079 | J35: =SUM(J7,J14,J21,J28) -> 6529.5978 | K35: =F35*(H35) -> 0.11043723
A36: Rural Carriers | B36: =SUM(B8,B15,B22,B29) -> 35.311782 | C36: =SUM(C8,C15,C22,C29) -> 1398.5923 | D36: =SUM(D8,D15,D22,D29) -> 19780.317 | F36: =IF(D36<>0,C36/D36,0) -> 0.070706262 | H36: 1.2077066 | J36: =SUM(J8,J15,J22,J29) -> 1689.0891 | K36: =F36*(H36) -> 0.08539242
A37: PO Boxes | B37: =SUM(B9,B16,B23,B30) -> 57.837422 | C37: =SUM(C9,C16,C23,C30) -> 2531.7416 | D37: =SUM(D9,D16,D23,D30) -> 18501.335 | F37: =IF(D37<>0,C37/D37,0) -> 0.13684102 | H37: 1.4559922 | J37: =SUM(J9,J16,J23,J30) -> 3686.1961 | K37: =F37*(H37) -> 0.19923946
A38: HWY Contract | B38: =SUM(B10,B17,B24,B31) -> 0.59614321 | C38: =SUM(C10,C17,C24,C31) -> 26.334865 | D38: =SUM(D10,D17,D24,D31) -> 446.10702 | F38: =IF(D38<>0,C38/D38,0) -> 0.059032617 | H38: 1.2077066 | J38: =SUM(J10,J17,J24,J31) -> 31.80479 | K38: =F38*(H38) -> 0.071294082
A39: Total | B39: =SUM(B35:B38) -> 208.84431 | C39: =SUM(C35:C38) -> 8975.2709 | D39: =SUM(D35:D38) -> 97852.729 | J39: =SUM(J35:J38) -> 11936.688 | K39: =SUMPRODUCT(K35:K38,D35:D38)/D39 -> 0.12198625
A42: Table 3.15 - Cost of UAA at the Delivery Unit Route, Non-PARS Pieces (Parts 2 and 3)
A43: PARS Environment, FY 25
B44: Total Hours (000s) (1) | C44: Overall Cost (000s) (1) | D44: Volume (000s) (1) | F44: Cost/ Piece | H44: Piggyback Factor (2) | J44: Total Cost (000s) | K44: Total Cost/Piece
A45: 2. Mailstream: UAA Mail Directly Sent to CFS/CIOSS
A47: CFS/CIOSS - Forwarded
A48: City Carriers | B48: 20.435103 | C48: 729.50668 | D48: 11970.74 | F48: =IF(D48<>0,C48/D48,0) -> 0.060940817 | H48: 1.301079 | J48: =C48*H48 -> 949.14582 | K48: =F48*(H48) -> 0.079288817
A49: Rural Carriers | B49: 5.7171248 | C49: 264.31521 | D49: 4510.1704 | F49: =IF(D49<>0,C49/D49,0) -> 0.058604263 | H49: 1.2077066 | J49: =C49*H49 -> 319.21523 | K49: =F49*(H49) -> 0.070776756
A50: PO Boxes | B50: 3.3616728 | C50: 352.85943 | D50: 2045.5754 | F50: =IF(D50<>0,C50/D50,0) -> 0.17249886 | H50: 1.4559922 | J50: =C50*H50 -> 513.76058 | K50: =F50*(H50) -> 0.25115699
A51: HWY Contract | B51: 0.052861513 | C51: 2.3351785 | D51: 46.262173 | F51: =IF(D51<>0,C51/D51,0) -> 0.05047706 | H51: 1.2077066 | J51: =C51*H51 -> 2.8202105 | K51: =F51*(H51) -> 0.060961479
A52: Subtotal | B52: =SUM(B48:B51) -> 29.566762 | C52: =SUM(C48:C51) -> 1349.0165 | D52: =SUM(D48:D51) -> 18572.748 | J52: =SUM(J48:J51) -> 1784.9418 | K52: =SUMPRODUCT(K48:K51,D48:D51)/D52 -> 0.096105424
A55: CFS/CIOSS - Returned to Sender
A56: City Carriers | B56: 43.823522 | C56: 2107.3184 | D56: 36571.892 | F56: =IF(D56<>0,C56/D56,0) -> 0.057621256 | H56: 1.301079 | J56: =C56*H56 -> 2741.7877 | K56: =F56*(H56) -> 0.074969806
A57: Rural Carriers | B57: 20.721062 | C57: 989.73085 | D57: 16946.449 | F57: =IF(D57<>0,C57/D57,0) -> 0.058403436 | H57: 1.2077066 | J57: =C57*H57 -> 1195.3045 | K57: =F57*(H57) -> 0.070534216
A58: PO Boxes | B58: 6.3600041 | C58: 200.47136 | D58: 5515.5791 | F58: =IF(D58<>0,C58/D58,0) -> 0.036346385 | H58: 1.4559922 | J58: =C58*H58 -> 291.88474 | K58: =F58*(H58) -> 0.052920053
A59: HWY Contract | B59: 0 | C59: 0 | D59: 0 | F59: =IF(D59<>0,C59/D59,0) -> 0 | H59: 1.2077066 | J59: =C59*H59 -> 0 | K59: =F59*(H59) -> 0
A60: Subtotal | B60: =SUM(B56:B59) -> 70.904588 | C60: =SUM(C56:C59) -> 3297.5206 | D60: =SUM(D56:D59) -> 59033.92 | J60: =SUM(J56:J59) -> 4228.9769 | K60: =SUMPRODUCT(K56:K59,D56:D59)/D60 -> 0.071636389
A62: CFS/CIOSS - Wasted
A63: City Carriers | B63: 52.826619 | C63: 2477.4103 | D63: 42823.55 | F63: =IF(D63<>0,C63/D63,0) -> 0.057851587 | H63: 1.301079 | J63: =C63*H63 -> 3223.3065 | K63: =F63*(H63) -> 0.075269484
A64: Rural Carriers | B64: 19.818478 | C64: 995.96225 | D64: 17140.499 | F64: =IF(D64<>0,C64/D64,0) -> 0.058105793 | H64: 1.2077066 | J64: =C64*H64 -> 1202.8302 | K64: =F64*(H64) -> 0.07017475
A65: PO Boxes | B65: 15.068428 | C65: 2624.6646 | D65: 5494.8703 | F65: =IF(D65<>0,C65/D65,0) -> 0.47765724 | H65: 1.4559922 | J65: =C65*H65 -> 3821.4911 | K65: =F65*(H65) -> 0.69546521
A66: HWY Contract | B66: 0.11198176 | C66: 4.9468391 | D66: 98.001727 | F66: =IF(D66<>0,C66/D66,0) -> 0.05047706 | H66: 1.2077066 | J66: =C66*H66 -> 5.9743302 | K66: =F66*(H66) -> 0.060961479
A67: Subtotal | B67: =SUM(B63:B66) -> 87.825507 | C67: =SUM(C63:C66) -> 6102.984 | D67: =SUM(D63:D66) -> 65556.92 | J67: =SUM(J63:J66) -> 8253.6022 | K67: =SUMPRODUCT(K63:K66,D63:D66)/D67 -> 0.12589979
A69: Total Directly Sent to CFS/CIOSS
A70: City Carriers | B70: =SUM(B48,B56,B63) -> 117.08524 | C70: =SUM(C48,C56,C63) -> 5314.2353 | D70: =SUM(D48,D56,D63) -> 91366.182 | F70: =IF(D70<>0,C70/D70,0) -> 0.058164139 | H70: 1.301079 | J70: =C70*H70 -> 6914.24 | K70: =F70*(H70) -> 0.07567614
A71: Rural Carriers | B71: =SUM(B49,B57,B64) -> 46.256665 | C71: =SUM(C49,C57,C64) -> 2250.0083 | D71: =SUM(D49,D57,D64) -> 38597.118 | F71: =IF(D71<>0,C71/D71,0) -> 0.058294723 | H71: 1.2077066 | J71: =C71*H71 -> 2717.3499 | K71: =F71*(H71) -> 0.070402923
A72: PO Boxes | B72: =SUM(B50,B58,B65) -> 24.790105 | C72: =SUM(C50,C58,C65) -> 3177.9954 | D72: =SUM(D50,D58,D65) -> 13056.025 | F72: =IF(D72<>0,C72/D72,0) -> 0.24341217 | H72: 1.4559922 | J72: =C72*H72 -> 4627.1365 | K72: =F72*(H72) -> 0.35440622
A73: HWY Contract | B73: =SUM(B51,B59,B66) -> 0.16484327 | C73: =SUM(C51,C59,C66) -> 7.2820176 | D73: =SUM(D51,D59,D66) -> 144.2639 | F73: =IF(D73<>0,C73/D73,0) -> 0.05047706 | H73: 1.2077066 | J73: =C73*H73 -> 8.7945408 | K73: =F73*(H73) -> 0.060961479
A74: Total | B74: =SUM(B70:B73) -> 188.29686 | C74: =SUM(C70:C73) -> 10749.521 | D74: =SUM(D70:D73) -> 143163.59 | J74: =SUM(J70:J73) -> 14267.521 | K74: =SUMPRODUCT(K70:K73,D70:D73)/D74 -> 0.099658866
A77: 3. Mailstream: UAA Mail Directly Sent to Waste Receptacle
A78: City Carriers | B78: 216.36694 | C78: 11467.585 | D78: 297362.68 | F78: =IF(D78<>0,C78/D78,0) -> 0.038564306 | H78: 1.301079 | J78: =C78*H78 -> 14920.235 | K78: =F78*(H78) -> 0.050175209
A79: Rural Carriers | B79: 60.187782 | C79: 2818.6137 | D79: 82455.259 | F79: =IF(D79<>0,C79/D79,0) -> 0.034183553 | H79: 1.2077066 | J79: =C79*H79 -> 3404.0584 | K79: =F79*(H79) -> 0.041283702
A80: PO Boxes | B80: 14.472994 | C80: 742.0217 | D80: 17889.92 | F80: =IF(D80<>0,C80/D80,0) -> 0.041477083 | H80: 1.4559922 | J80: =C80*H80 -> 1080.3778 | K80: =F80*(H80) -> 0.06039031
A81: HWY Contract | B81: 2.0681922 | C81: 91.363216 | D81: 1387.9337 | F81: =IF(D81<>0,C81/D81,0) -> 0.065826787 | H81: 1.2077066 | J81: =C81*H81 -> 110.33996 | K81: =F81*(H81) -> 0.079499446
A82: Total | B82: =SUM(B78:B81) -> 293.0959 | C82: =SUM(C78:C81) -> 15119.584 | D82: =SUM(D78:D81) -> 399095.79 | F82: =IF(D82<>0,C82/D82,0) -> 0.037884599 | J82: =SUM(J78:J81) -> 19515.011 | K82: =SUMPRODUCT(K78:K81,D78:D81)/D82 -> 0.048898062
A85: Table 3.15 - Cost of UAA at the Delivery Unit Route, Non-PARS Pieces (Parts 4 & 5)
A86: PARS Environment, FY 25
B87: Total Hours (000s) | C87: Overall Cost (000s) | D87: Volume (000s) | F87: Cost/ Piece | H87: Piggyback Factor (2) | J87: Total Cost (000s) | K87: Total Cost/Piece
A88: 4. CFS/CIOSS No Record Mail & UBBM
A89: No Record Mail
A90: Delivery Unit | B90: n/a | C90: ='Table 3.14-Route UAA'!C90*SUM($D$103,$D$109)/SUM($D$103,$D$109,'Table 3.16-Route UAA PARS'!$D$103,'Table 3.16-Route UAA PARS'!$D$109) -> 1817.2213 | D90: ='Table 3.14-Route UAA'!D90*SUM($D$103,$D$109)/SUM($D$103,$D$109,'Table 3.16-Route UAA PARS'!$D$103,'Table 3.16-Route UAA PARS'!$D$109) -> 27591.875 | E90: (3) | F90: =IF(D90<>0,C90/D90,0) -> 0.065860739 | G90: (4) | H90: 1.2964363 | J90: =C90*H90 -> 2355.9116 | K90: =F90*(H90) -> 0.085384254
A91: CFS/CIOSS, Mail Process & Trans | B91: n/a | C91: ='Table 3.14-Route UAA'!C91*SUM($D$103,$D$109)/SUM($D$103,$D$109,'Table 3.16-Route UAA PARS'!$D$103,'Table 3.16-Route UAA PARS'!$D$109) -> 4681.2464 | D91: ='Table 3.14-Route UAA'!D91*SUM($D$103,$D$109)/SUM($D$103,$D$109,'Table 3.16-Route UAA PARS'!$D$103,'Table 3.16-Route UAA PARS'!$D$109) -> 27591.875 | E91: (3) | F91: =IF(D91<>0,C91/D91,0) -> 0.16966032 | G91: (4) | H91: 1.7055951 | J91: =C91*H91 -> 7984.3111 | K91: =F91*(H91) -> 0.28937182
A92: Unendorsed Bulk Business Mail (UBBM)
A93: Delivery Unit | B93: n/a | C93: ='Table 3.14-Route UAA'!C93*$D$111/SUM($D$111,'Table 3.16-Route UAA PARS'!$D$111) -> 426.98903 | D93: ='Table 3.14-Route UAA'!D93*$D$111/SUM($D$111,'Table 3.16-Route UAA PARS'!$D$111) -> 7144.8575 | E93: (3) | F93: =IF(D93<>0,C93/D93,0) -> 0.059761728 | G93: (4) | H93: 1.2964363 | J93: =C93*H93 -> 553.56408 | K93: =F93*(H93) -> 0.077477274
A94: CFS/CIOSS, Mail Process & Trans | B94: n/a | C94: ='Table 3.14-Route UAA'!C94*$D$111/SUM($D$111,'Table 3.16-Route UAA PARS'!$D$111) -> 705.84319 | D94: ='Table 3.14-Route UAA'!D94*$D$111/SUM($D$111,'Table 3.16-Route UAA PARS'!$D$111) -> 7144.8575 | E94: (3) | F94: =IF(D94<>0,C94/D94,0) -> 0.098790381 | G94: (4) | H94: 1.7055951 | J94: =C94*H94 -> 1203.8827 | K94: =F94*(H94) -> 0.16849639
A96: 5. Final Disposition Including CFS/CIOSS NRM & UBBM
A98: UAA Mail Directly Sent to Nixie Unit
A99: Returned To Sender | B99: n/a | C99: n/a | D99: =D11 -> 36777.475 | F99: n/a | H99: n/a | J99: =J11+SUM($J$90:$J$91)*D99/SUM($D$103,$D$109) -> 6340.8062 | K99: =J99/D99 -> 0.17241005
A100: ACS Nixie - RTS from CFS Unit | B100: n/a | C100: n/a | D100: =D18 -> 11075.134 | F100: n/a | H100: n/a | J100: =J18+SUM($J$90:$J$91)*D100/SUM($D$103,$D$109) -> 1631.9313 | K100: =J100/D100 -> 0.14735092
A101: ACS Nixie - Wasted at CFS Unit | B101: n/a | C101: n/a | D101: =D25 -> 17859.366 | F101: n/a | H101: n/a | J101: =J25+SUM($J$90:$J$91)*D101/SUM($D$103,$D$109) -> 3374.2301 | K101: =J101/D101 -> 0.18893336
A102: Hand Forwarded | B102: n/a | C102: n/a | D102: =D32 -> 32140.753 | F102: n/a | H102: n/a | J102: =J32+SUM($J$90:$J$91)*D102/SUM($D$103,$D$109) -> 4787.8552 | K102: =J102/D102 -> 0.14896525
A103: Total - Nixie Unit | D103: =SUM(D99:D102) -> 97852.729 | J103: =SUM(J99:J102) -> 16134.823 | K103: =J103/D103 -> 0.16488884
A105: UAA Mail Directly Sent to CFS/CIOSS
A106: CFS/CIOSS - Forwarded | B106: n/a | C106: n/a | D106: =D52 -> 18572.748 | F106: n/a | H106: n/a | J106: =J52+SUM($J$90:$J$91)*D106/SUM($D$103,$D$109) -> 2581.7607 | K106: =J106/D106 -> 0.13900801
A107: CFS/CIOSS - Returned To Sender | B107: n/a | C107: n/a | D107: =D60 -> 59033.92 | F107: n/a | H107: n/a | J107: =J60+SUM($J$90:$J$91)*D107/SUM($D$103,$D$109) -> 6761.6846 | K107: =J107/D107 -> 0.11453897
A108: CFS/CIOSS - Wasted | B108: n/a | C108: n/a | D108: =D67 -> 65556.92 | F108: n/a | H108: n/a | J108: =J67+SUM($J$90:$J$91)*D108/SUM($D$103,$D$109) -> 11066.163 | K108: =J108/D108 -> 0.16880237
A109: Total - CFS/CIOSS | D109: =SUM(D106:D108) -> 143163.59 | J109: =SUM(J106:J108) -> 20409.609 | K109: =J109/D109 -> 0.14256145
A111: UAA Mail Directly Sent to Waste Receptacle | B111: n/a | C111: n/a | D111: =D82 -> 399095.79 | J111: =SUM(J93:J94)+J82 -> 21272.458 | K111: =J111/D111 -> 0.053301633
A114: checks ---> | B114: 0 | C114: 0 | D114: 0 | J114: =SUM(J103,J109)-J39-J74-SUM(J90:J91) -> 0
B115: 0 | C115: 0 | D115: 0 | J115: =J111-J82-J93-J94 -> 0
B116: 0 | C116: 0 | D116: 0 | J116: 0
B117: 0 | C117: 0 | D117: 0 | J117: 0
D118: -3.2014214e-10 | J118: 0
A120: Notes:
A121: (1) Refer to PARS 25 Baseline Cost Model, Route Module.
A122: (2) Based on FY 25 piggyback factors.
A123: (3) Based on FCS database 04 adjusted for PARS environment and FY 25 growth. Refer to PARS 25 Baseline Cost Model, Route Module.
...

Sheet Table 3.16-Route UAA PARS
A1: Table 3.16 - Cost of UAA at the Originating Delivery Unit Route, PARS Pieces (Part 1)
A2: PARS Environment, FY 25
B3: Total Hours (000s) (1) | C3: Overall Cost (000s) (1) | D3: Volume (000s) (1) | F3: Cost/ Piece | H3: Piggyback Factor (2) | J3: Total Cost (000s) | K3: Total Cost/Piece
A4: 1. Mailstream: UAA Mail Directly Sent to Nixie Unit
A6: Nixie Unit RTS
A7: City Carriers | B7: 666.8237 | C7: 30935.729 | D7: 461898.8 | F7: =IF(D7<>0,C7/D7,0) -> 0.066975123 | H7: 1.301079 | J7: =C7*H7 -> 40249.827 | K7: =F7*(H7) -> 0.087139926
A8: Rural Carriers | B8: 248.05269 | C8: 6290.4316 | D8: 177225.52 | F8: =IF(D8<>0,C8/D8,0) -> 0.035493939 | H8: 1.2077066 | J8: =C8*H8 -> 7596.9959 | K8: =F8*(H8) -> 0.042866265
A9: PO Boxes | B9: 181.72387 | C9: 6112.8388 | D9: 127868.13 | F9: =IF(D9<>0,C9/D9,0) -> 0.047805806 | H9: 1.4559922 | J9: =C9*H9 -> 8900.2456 | K9: =F9*(H9) -> 0.06960488
A10: HWY Contract | B10: 4.844544 | C10: 214.00967 | D10: 3342.311 | F10: =IF(D10<>0,C10/D10,0) -> 0.064030449 | H10: 1.2077066 | J10: =C10*H10 -> 258.4609 | K10: =F10*(H10) -> 0.077329996
A11: Subtotal | B11: =SUM(B7:B10) -> 1101.4448 | C11: =SUM(C7:C10) -> 43553.009 | D11: =SUM(D7:D10) -> 770334.76 | F11: =IF(D11<>0,C11/D11,0) -> 0.05653777 | J11: =SUM(J7:J10) -> 57005.53 | K11: =SUMPRODUCT(K7:K10,D7:D10)/D11 -> 0.074000984
A13: ACS Nixie - Returned to Sender from CFS/CIOSS
A14: City Carriers | B14: 108.41219 | C14: 5013.101 | D14: 73681.749 | F14: =IF(D14<>0,C14/D14,0) -> 0.068037214 | H14: 1.301079 | J14: =C14*H14 -> 6522.4404 | K14: =F14*(H14) -> 0.088521791
A15: Rural Carriers | B15: 59.924273 | C15: 1511.416 | D15: 41342.499 | F15: =IF(D15<>0,C15/D15,0) -> 0.03655841 | H15: 1.2077066 | J15: =C15*H15 -> 1825.3471 | K15: =F15*(H15) -> 0.044151833
A16: PO Boxes | B16: 22.101539 | C16: 741.2313 | D16: 15248.125 | F16: =IF(D16<>0,C16/D16,0) -> 0.048611306 | H16: 1.4559922 | J16: =C16*H16 -> 1079.227 | K16: =F16*(H16) -> 0.070777682
A17: HWY Contract | B17: 1.1809517 | C17: 52.169012 | D17: 814.75319 | F17: =IF(D17<>0,C17/D17,0) -> 0.064030449 | H17: 1.2077066 | J17: =C17*H17 -> 63.004861 | K17: =F17*(H17) -> 0.077329996
A18: Subtotal | B18: =SUM(B14:B17) -> 191.61895 | C18: =SUM(C14:C17) -> 7317.9173 | D18: =SUM(D14:D17) -> 131087.13 | F18: =IF(D18<>0,C18/D18,0) -> 0.055824836 | J18: =SUM(J14:J17) -> 9490.0194 | K18: =SUMPRODUCT(K14:K17,D14:D17)/D18 -> 0.072394747
A20: ACS Nixie - Wasted at CFS/CIOSS
A21: City Carriers | B21: 358.54572 | C21: 16579.556 | D21: 240745.22 | F21: =IF(D21<>0,C21/D21,0) -> 0.068867644 | H21: 1.301079 | J21: =C21*H21 -> 21571.312 | K21: =F21*(H21) -> 0.089602245
A22: Rural Carriers | B22: 173.79943 | C22: 4383.5865 | D22: 119906.38 | F22: =IF(D22<>0,C22/D22,0) -> 0.03655841 | H22: 1.2077066 | J22: =C22*H22 -> 5294.0865 | K22: =F22*(H22) -> 0.044151833
A23: PO Boxes | B23: 78.011262 | C23: 2616.306 | D23: 53820.936 | F23: =IF(D23<>0,C23/D23,0) -> 0.048611306 | H23: 1.4559922 | J23: =C23*H23 -> 3809.3211 | K23: =F23*(H23) -> 0.070777682
A24: HWY Contract | B24: 2.3486689 | C24: 103.75339 | D24: 1620.3758 | F24: =IF(D24<>0,C24/D24,0) -> 0.064030449 | H24: 1.2077066 | J24: =C24*H24 -> 125.30365 | K24: =F24*(H24) -> 0.077329996
A25: Subtotal | B25: =SUM(B21:B24) -> 612.70508 | C25: =SUM(C21:C24) -> 23683.202 | D25: =SUM(D21:D24) -> 416092.91 | F25: =IF(D25<>0,C25/D25,0) -> 0.056918062 | J25: =SUM(J21:J24) -> 30800.023 | K25: =SUMPRODUCT(K21:K24,D21:D24)/D25 -> 0.074021985
A27: Hand Forwarded
A28: City Carriers | B28: 0 | C28: 0 | D28: 0 | F28: =IF(D28<>0,C28/D28,0) -> 0 | H28: 1.301079 | J28: =C28*H28 -> 0 | K28: =F28*(H28) -> 0
A29: Rural Carriers | B29: 0 | C29: 0 | D29: 0 | F29: =IF(D29<>0,C29/D29,0) -> 0 | H29: 1.2077066 | J29: =C29*H29 -> 0 | K29: =F29*(H29) -> 0
A30: PO Boxes | B30: 0 | C30: 0 | D30: 0 | F30: =IF(D30<>0,C30/D30,0) -> 0 | H30: 1.4559922 | J30: =C30*H30 -> 0 | K30: =F30*(H30) -> 0
A31: HWY Contract | B31: 0 | C31: 0 | D31: 0 | F31: =IF(D31<>0,C31/D31,0) -> 0 | H31: 1.2077066 | J31: =C31*H31 -> 0 | K31: =F31*(H31) -> 0
A32: Subtotal | B32: =SUM(B28:B31) -> 0 | C32: =SUM(C28:C31) -> 0 | D32: =SUM(D28:D31) -> 0 | F32: =IF(D32<>0,C32/D32,0) -> 0 | J32: =SUM(J28:J31) -> 0 | K32: =IF(D32<>0,SUMPRODUCT(K28:K31,D28:D31)/D32,0) -> 0
A34: Total Directly Sent to Nixie Unit
A35: City Carriers | B35: =SUM(B7,B14,B21,B28) -> 1133.7816 | C35: =SUM(C7,C14,C21,C28) -> 52528.386 | D35: =SUM(D7,D14,D21,D28) -> 776325.77 | F35: =IF(D35<>0,C35/D35,0) -> 0.067662814 | H35: 1.301079 | J35: =SUM(J7,J14,J21,J28) -> 68343.58 | K35: =F35*(H35) -> 0.088034666
A36: Rural Carriers | B36: =SUM(B8,B15,B22,B29) -> 481.77639 | C36: =SUM(C8,C15,C22,C29) -> 12185.434 | D36: =SUM(D8,D15,D22,D29) -> 338474.39 | F36: =IF(D36<>0,C36/D36,0) -> 0.036001052 | H36: 1.2077066 | J36: =SUM(J8,J15,J22,J29) -> 14716.429 | K36: =F36*(H36) -> 0.043478708
A37: PO Boxes | B37: =SUM(B9,B16,B23,B30) -> 281.83667 | C37: =SUM(C9,C16,C23,C30) -> 9470.3761 | D37: =SUM(D9,D16,D23,D30) -> 196937.19 | F37: =IF(D37<>0,C37/D37,0) -> 0.048088308 | H37: 1.4559922 | J37: =SUM(J9,J16,J23,J30) -> 13788.794 | K37: =F37*(H37) -> 0.070016201
A38: HWY Contract | B38: =SUM(B10,B17,B24,B31) -> 8.3741646 | C38: =SUM(C10,C17,C24,C31) -> 369.93207 | D38: =SUM(D10,D17,D24,D31) -> 5777.4399 | F38: =IF(D38<>0,C38/D38,0) -> 0.064030449 | H38: 1.2077066 | J38: =SUM(J10,J17,J24,J31) -> 446.76941 | K38: =F38*(H38) -> 0.077329996
A39: Total | B39: =SUM(B35:B38) -> 1905.7688 | C39: =SUM(C35:C38) -> 74554.128 | D39: =SUM(D35:D38) -> 1317514.8 | J39: =SUM(J35:J38) -> 97295.572 | K39: =SUMPRODUCT(K35:K38,D35:D38)/D39 -> 0.073847803
A42: Table 3.16 - Cost of UAA at the Delivery Unit Route, PARS Pieces (Parts 2 and 3)
A43: PARS Environment, FY 25
B44: Total Hours (000s) (1) | C44: Overall Cost (000s) (1) | D44: Volume (000s) (1) | F44: Cost/ Piece | H44: Piggyback Factor (2) | J44: Total Cost (000s) | K44: Total Cost/Piece
A45: 2. Mailstream: UAA Mail Directly Sent to CFS/CIOSS
A47: CFS/CIOSS - Forwarded
A48: City Carriers | B48: 39.593407 | C48: 2934.7224 | D48: 36496.972 | F48: =IF(D48<>0,C48/D48,0) -> 0.080410026 | H48: 1.301079 | J48: =C48*H48 -> 3818.3057 | K48: =F48*(H48) -> 0.1046198
A49: Rural Carriers | B49: 8.231407 | C49: 318.95055 | D49: 17849.627 | F49: =IF(D49<>0,C49/D49,0) -> 0.017868752 | H49: 1.2077066 | J49: =C49*H49 -> 385.19869 | K49: =F49*(H49) -> 0.021580209
A50: PO Boxes | B50: 2.9051433 | C50: 137.12948 | D50: 6299.74 | F50: =IF(D50<>0,C50/D50,0) -> 0.021767483 | H50: 1.4559922 | J50: =C50*H50 -> 199.65945 | K50: =F50*(H50) -> 0.031693285
A51: HWY Contract | B51: 0.17296015 | C51: 7.640584 | D51: 375.06033 | F51: =IF(D51<>0,C51/D51,0) -> 0.020371613 | H51: 1.2077066 | J51: =C51*H51 -> 9.2275838 | K51: =F51*(H51) -> 0.024602932
A52: Subtotal | B52: =SUM(B48:B51) -> 50.902917 | C52: =SUM(C48:C51) -> 3398.4431 | D52: =SUM(D48:D51) -> 61021.399 | J52: =SUM(J48:J51) -> 4412.3915 | K52: =SUMPRODUCT(K48:K51,D48:D51)/D52 -> 0.07230892
A55: CFS/CIOSS - Returned to Sender
A56: City Carriers | B56: 21.872895 | C56: 1621.2517 | D56: 20162.307 | F56: =IF(D56<>0,C56/D56,0) -> 0.080410026 | H56: 1.301079 | J56: =C56*H56 -> 2109.3765 | K56: =F56*(H56) -> 0.1046198
A57: Rural Carriers | B57: 4.3453777 | C57: 168.37469 | D57: 9422.857 | F57: =IF(D57<>0,C57/D57,0) -> 0.017868752 | H57: 1.2077066 | J57: =C57*H57 -> 203.34723 | K57: =F57*(H57) -> 0.021580209
A58: PO Boxes | B58: 1.332235 | C58: 62.884573 | D58: 2888.9226 | F58: =IF(D58<>0,C58/D58,0) -> 0.021767483 | H58: 1.4559922 | J58: =C58*H58 -> 91.559448 | K58: =F58*(H58) -> 0.031693285
A59: HWY Contract | B59: 0.069184845 | C59: 3.0562682 | D59: 150.02583 | F59: =IF(D59<>0,C59/D59,0) -> 0.020371613 | H59: 1.2077066 | J59: =C59*H59 -> 3.6910753 | K59: =F59*(H59) -> 0.024602932
A60: Subtotal | B60: =SUM(B56:B59) -> 27.619693 | C60: =SUM(C56:C59) -> 1855.5672 | D60: =SUM(D56:D59) -> 32624.113 | J60: =SUM(J56:J59) -> 2407.9742 | K60: =SUMPRODUCT(K56:K59,D56:D59)/D60 -> 0.073809646
A62: CFS/CIOSS - Wasted
A63: City Carriers | B63: 10.932309 | C63: 810.3191 | D63: 10077.339 | F63: =IF(D63<>0,C63/D63,0) -> 0.080410026 | H63: 1.301079 | J63: =C63*H63 -> 1054.2892 | K63: =F63*(H63) -> 0.1046198
A64: Rural Carriers | B64: 2.8013028 | C64: 108.54488 | D64: 6074.5643 | F64: =IF(D64<>0,C64/D64,0) -> 0.017868752 | H64: 1.2077066 | J64: =C64*H64 -> 131.09037 | K64: =F64*(H64) -> 0.021580209
A65: PO Boxes | B65: 1.5914843 | C65: 75.121741 | D65: 3451.0992 | F65: =IF(D65<>0,C65/D65,0) -> 0.021767483 | H65: 1.4559922 | J65: =C65*H65 -> 109.37667 | K65: =F65*(H65) -> 0.031693285
A66: HWY Contract | B66: 0.12870067 | C66: 5.6854035 | D66: 279.0846 | F66: =IF(D66<>0,C66/D66,0) -> 0.020371613 | H66: 1.2077066 | J66: =C66*H66 -> 6.8662994 | K66: =F66*(H66) -> 0.024602932
A67: Subtotal | B67: =SUM(B63:B66) -> 15.453797 | C67: =SUM(C63:C66) -> 999.67113 | D67: =SUM(D63:D66) -> 19882.087 | J67: =SUM(J63:J66) -> 1301.6225 | K67: =SUMPRODUCT(K63:K66,D63:D66)/D67 -> 0.065467096
A69: Total Directly Sent to CFS/CIOSS
A70: City Carriers | B70: =SUM(B48,B56,B63) -> 72.398611 | C70: =SUM(C48,C56,C63) -> 5366.2932 | D70: =SUM(D48,D56,D63) -> 66736.619 | F70: =IF(D70<>0,C70/D70,0) -> 0.080410026 | H70: 1.301079 | J70: =C70*H70 -> 6981.9714 | K70: =F70*(H70) -> 0.1046198
A71: Rural Carriers | B71: =SUM(B49,B57,B64) -> 15.378088 | C71: =SUM(C49,C57,C64) -> 595.87013 | D71: =SUM(D49,D57,D64) -> 33347.049 | F71: =IF(D71<>0,C71/D71,0) -> 0.017868752 | H71: 1.2077066 | J71: =C71*H71 -> 719.63629 | K71: =F71*(H71) -> 0.021580209
A72: PO Boxes | B72: =SUM(B50,B58,B65) -> 5.8288626 | C72: =SUM(C50,C58,C65) -> 275.1358 | D72: =SUM(D50,D58,D65) -> 12639.762 | F72: =IF(D72<>0,C72/D72,0) -> 0.021767483 | H72: 1.4559922 | J72: =C72*H72 -> 400.59557 | K72: =F72*(H72) -> 0.031693285
A73: HWY Contract | B73: =SUM(B51,B59,B66) -> 0.37084567 | C73: =SUM(C51,C59,C66) -> 16.382256 | D73: =SUM(D51,D59,D66) -> 804.17077 | F73: =IF(D73<>0,C73/D73,0) -> 0.020371613 | H73: 1.2077066 | J73: =C73*H73 -> 19.784959 | K73: =F73*(H73) -> 0.024602932
A74: Total | B74: =SUM(B70:B73) -> 93.976407 | C74: =SUM(C70:C73) -> 6253.6814 | D74: =SUM(D70:D73) -> 113527.6 | J74: =SUM(J70:J73) -> 8121.9882 | K74: =SUMPRODUCT(K70:K73,D70:D73)/D74 -> 0.071541971
A77: 3. Mailstream: UAA Mail Directly Sent to Waste Receptacle
A78: City Carriers | B78: 237.10907 | C78: 17574.879 | D78: 617936.58 | F78: =IF(D78<>0,C78/D78,0) -> 0.028441233 | H78: 1.301079 | J78: =C78*H78 -> 22866.305 | K78: =F78*(H78) -> 0.037004292
A79: Rural Carriers | B79: 76.295672 | C79: 2956.3046 | D79: 237388.68 | F79: =IF(D79<>0,C79/D79,0) -> 0.012453436 | H79: 1.2077066 | J79: =C79*H79 -> 3570.3487 | K79: =F79*(H79) -> 0.015040097
A80: PO Boxes | B80: 35.478849 | C80: 1818.9793 | D80: 110389.97 | F80: =IF(D80<>0,C80/D80,0) -> 0.016477759 | H80: 1.4559922 | J80: =C80*H80 -> 2648.4197 | K80: =F80*(H80) -> 0.023991488
A81: HWY Contract | B81: 1.3394246 | C81: 59.169617 | D81: 4167.5264 | F81: =IF(D81<>0,C81/D81,0) -> 0.014197778 | H81: 1.2077066 | J81: =C81*H81 -> 71.459537 | K81: =F81*(H81) -> 0.017146751
A82: Total | B82: =SUM(B78:B81) -> 350.22302 | C82: =SUM(C78:C81) -> 22409.332 | D82: =SUM(D78:D81) -> 969882.76 | F82: =IF(D82<>0,C82/D82,0) -> 0.023105197 | J82: =SUM(J78:J81) -> 29156.533 | K82: =SUMPRODUCT(K78:K81,D78:D81)/D82 -> 0.030061915
A85: Table 3.16 - Cost of UAA at the Delivery Unit Route, PARS Pieces (Parts 4 & 5)
A86: PARS Environment, FY 25
B87: Total Hours (000s) | C87: Overall Cost (000s) | D87: Volume (000s) | F87: Cost/ Piece | H87: Piggyback Factor (2) | J87: Total Cost (000s) | K87: Total Cost/Piece
A88: 4. CFS/CIOSS No Record Mail & UBBM
A89: No Record Mail
A90: Delivery Unit | B90: n/a | C90: ='Table 3.14-Route UAA'!C90*SUM($D$103,$D$109)/SUM($D$103,$D$109,'Table 3.15-Route UAA NoPARS'!$D$103,'Table 3.15-Route UAA NoPARS'!$D$109) -> 10789.812 | D90: ='Table 3.14-Route UAA'!D90*SUM($D$103,$D$109)/SUM($D$103,$D$109,'Table 3.15-Route UAA NoPARS'!$D$103,'Table 3.15-Route UAA NoPARS'!$D$109) -> 163827.67 | E90: (3) | F90: =IF(D90<>0,C90/D90,0) -> 0.065860739 | G90: (4) | H90: 1.2964363 | J90: =C90*H90 -> 13988.304 | K90: =F90*(H90) -> 0.085384254
A91: CFS/CIOSS, Mail Process & Trans | B91: n/a | C91: ='Table 3.14-Route UAA'!C91*SUM($D$103,$D$109)/SUM($D$103,$D$109,'Table 3.15-Route UAA NoPARS'!$D$103,'Table 3.15-Route UAA NoPARS'!$D$109) -> 27795.056 | D91: ='Table 3.14-Route UAA'!D91*SUM($D$103,$D$109)/SUM($D$103,$D$109,'Table 3.15-Route UAA NoPARS'!$D$103,'Table 3.15-Route UAA NoPARS'!$D$109) -> 163827.67 | E91: (3) | F91: =IF(D91<>0,C91/D91,0) -> 0.16966032 | G91: (4) | H91: 1.7055951 | J91: =C91*H91 -> 47407.112 | K91: =F91*(H91) -> 0.28937182
A92: Unendorsed Bulk Business Mail (UBBM)
A93: Delivery Unit | B93: n/a | C93: ='Table 3.14-Route UAA'!C93*$D$111/SUM($D$111,'Table 3.15-Route UAA NoPARS'!$D$111) -> 1037.6689 | D93: ='Table 3.14-Route UAA'!D93*$D$111/SUM($D$111,'Table 3.15-Route UAA NoPARS'!$D$111) -> 17363.436 | E93: (3) | F93: =IF(D93<>0,C93/D93,0) -> 0.059761728 | G93: (4) | H93: 1.2964363 | J93: =C93*H93 -> 1345.2716 | K93: =F93*(H93) -> 0.077477274
A94: CFS/CIOSS, Mail Process & Trans | B94: n/a | C94: ='Table 3.14-Route UAA'!C94*$D$111/SUM($D$111,'Table 3.15-Route UAA NoPARS'!$D$111) -> 1715.3404 | D94: ='Table 3.14-Route UAA'!D94*$D$111/SUM($D$111,'Table 3.15-Route UAA NoPARS'!$D$111) -> 17363.436 | E94: (3) | F94: =IF(D94<>0,C94/D94,0) -> 0.098790381 | G94: (4) | H94: 1.7055951 | J94: =C94*H94 -> 2925.6763 | K94: =F94*(H94) -> 0.16849639
A96: 5. Final Disposition Including CFS/CIOSS NRM & UBBM
A98: UAA Mail Directly Sent to Nixie Unit
A99: Returned To Sender | B99: n/a | C99: n/a | D99: =D11 -> 770334.76 | F99: n/a | H99: n/a | J99: =J11+SUM($J$90:$J$91)*D99/SUM($D$103,$D$109) -> 90054.881 | K99: =J99/D99 -> 0.11690357
A100: ACS Nixie - RTS from CFS Unit | B100: n/a | C100: n/a | D100: =D18 -> 131087.13 | F100: n/a | H100: n/a | J100: =J18+SUM($J$90:$J$91)*D100/SUM($D$103,$D$109) -> 15113.996 | K100: =J100/D100 -> 0.11529733
A101: ACS Nixie - Wasted at CFS Unit | B101: n/a | C101: n/a | D101: =D25 -> 416092.91 | F101: n/a | H101: n/a | J101: =J25+SUM($J$90:$J$91)*D101/SUM($D$103,$D$109) -> 48651.484 | K101: =J101/D101 -> 0.11692457
A102: Hand Forwarded | B102: n/a | C102: n/a | D102: =D32 -> 0 | F102: n/a | H102: n/a | J102: =J32+SUM($J$90:$J$91)*D102/SUM($D$103,$D$109) -> 0 | K102: =IF(D102<>0,J102/D102,0) -> 0
A103: Total - Nixie Unit | D103: =SUM(D99:D102) -> 1317514.8 | J103: =SUM(J99:J102) -> 153820.36 | K103: =J103/D103 -> 0.11675039
A105: UAA Mail Directly Sent to CFS/CIOSS
A106: CFS/CIOSS - Forwarded | B106: n/a | C106: n/a | D106: =D52 -> 61021.399 | F106: n/a | H106: n/a | J106: =J52+SUM($J$90:$J$91)*D106/SUM($D$103,$D$109) -> 7030.3672 | K106: =J106/D106 -> 0.1152115
A107: CFS/CIOSS - Returned To Sender | B107: n/a | C107: n/a | D107: =D60 -> 32624.113 | F107: n/a | H107: n/a | J107: =J60+SUM($J$90:$J$91)*D107/SUM($D$103,$D$109) -> 3807.633 | K107: =J107/D107 -> 0.11671223
A108: CFS/CIOSS - Wasted | B108: n/a | C108: n/a | D108: =D67 -> 19882.087 | F108: n/a | H108: n/a | J108: =J67+SUM($J$90:$J$91)*D108/SUM($D$103,$D$109) -> 2154.6154 | K108: =J108/D108 -> 0.10836968
A109: Total - CFS/CIOSS | D109: =SUM(D106:D108) -> 113527.6 | J109: =SUM(J106:J108) -> 12992.616 | K109: =J109/D109 -> 0.11444455
A111: UAA Mail Directly Sent to Waste Receptacle | B111: n/a | C111: n/a | D111: =D82 -> 969882.76 | E111: (5) | J111: =SUM(J93:J94)+J82 -> 33427.481 | K111: =J111/D111 -> 0.034465487
A114: checks ---> | B114: 0 | C114: 0 | D114: 0 | J114: =SUM(J103,J109)-J39-J74-SUM(J90:J91) -> 0
B115: 0 | C115: 0 | D115: 0 | J115: =J111-J82-J93-J94 -> 0
B116: 0 | C116: 0 | D116: 0 | J116: 0
B117: 0 | C117: 0 | D117: 0 | J117: 0
D118: -3.2014214e-10 | J118: 0
A120: Notes:
A121: (1) Refer to PARS 25 Baseline Cost Model, Route Module.
A122: (2) Based on FY 25 piggyback factors.
A123: (3) Based on FCS database 04 adjusted for PARS environment and FY 25 growth. Refer to PARS 25 Baseline Cost Model, Route Module.
...

Sheet Table 3.17-No Record Mail
A1: Table 3.17 - Cost of Processing No-Record Mail
A2: PARS Environment, FY 25
B3: Volume (000s) (1) | D3: Cost/ Piece | F3: Overall Cost (000s) | H3: Piggyback Factor (2) | J3: Total Cost (000s) | K3: Total Cost/Piece
A5: Returned to Sender
A6: Delivery Unit Costs at Route | B6: 102452.06 | D6: 0.065860739 | E6: (1) | F6: =B6*D6 -> 6747.5686 | H6: 1.2964363 | J6: =H6*F6 -> 8747.793 | K6: =J6/B6 -> 0.085384254
A7: CFS/CIOSS Costs | B7: =B6 -> 102452.06 | D7: 0.1469507 | E7: (3) | F7: =B7*D7 -> 15055.402 | H7: 1.7055951 | J7: =H7*F7 -> 25678.421 | K7: =J7/B7 -> 0.25063839
A8: Mail Process & Trans Costs | B8: =B7 -> 102452.06 | D8: 0.022709626 | E8: (4) | F8: =B8*D8 -> 2326.6481 | H8: 1.7055951 | J8: =H8*F8 -> 3968.3197 | K8: =J8/B8 -> 0.038733429
A9: Total | B9: =B8 -> 102452.06 | F9: =SUM(F6:F8) -> 24129.619 | J9: =SUM(J6:J8) -> 38394.533 | K9: =J9/B9 -> 0.37475608
A11: Forwarded
A12: Delivery Unit Costs at Route | B12: 88967.484 | D12: 0.065860739 | E12: (1) | F12: =B12*D12 -> 5859.4643 | H12: 1.2964363 | J12: =H12*F12 -> 7596.4223 | K12: =J12/B12 -> 0.085384254
A13: CFS/CIOSS Costs | B13: =B12 -> 88967.484 | D13: 0.1469507 | E13: (3) | F13: =B13*D13 -> 13073.834 | H13: 1.7055951 | J13: =H13*F13 -> 22298.667 | K13: =J13/B13 -> 0.25063839
A14: Mail Process & Trans Costs | B14: =B13 -> 88967.484 | D14: 0.022709626 | E14: (4) | F14: =B14*D14 -> 2020.4183 | H14: 1.7055951 | J14: =H14*F14 -> 3446.0157 | K14: =J14/B14 -> 0.038733429
A15: Total | B15: =B14 -> 88967.484 | F15: =SUM(F12:F14) -> 20953.716 | J15: =SUM(J12:J14) -> 33341.105 | K15: =J15/B15 -> 0.37475608
A17: Wasted
A18: Delivery Unit Costs at Route | B18: 24508.293 | D18: 0.059761728 | E18: (1) | F18: =B18*D18 -> 1464.6579 | H18: 1.2964363 | J18: =H18*F18 -> 1898.8357 | K18: =J18/B18 -> 0.077477274
A19: CFS/CIOSS Costs | B19: =B18 -> 24508.293 | D19: 0.076080754 | E19: (3) | F19: =B19*D19 -> 1864.6094 | H19: 1.7055951 | J19: =H19*F19 -> 3180.2688 | K19: =J19/B19 -> 0.12976297
A20: Mail Process & Trans Costs | B20: =B19 -> 24508.293 | D20: 0.022709626 | E20: (4) | F20: =B20*D20 -> 556.57418 | H20: 1.7055951 | J20: =H20*F20 -> 949.29022 | K20: =J20/B20 -> 0.038733429
A21: Total | B21: =B20 -> 24508.293 | F21: =SUM(F18:F20) -> 3885.8415 | J21: =SUM(J18:J20) -> 6028.3947 | K21: =J21/B21 -> 0.24597367
A23: All Pieces
A24: Delivery Unit Costs at Route | B24: =B6+B12+B18 -> 215927.84 | D24: =F24/B24 -> 0.065168488 | F24: =F6+F12+F18 -> 14071.691 | J24: =J6+J12+J18 -> 18243.051 | K24: =J24/B24 -> 0.084486794
A25: CFS/CIOSS Costs | B25: =B7+B13+B19 -> 215927.84 | D25: =F25/B25 -> 0.1389068 | F25: =F7+F13+F19 -> 29993.845 | J25: =J7+J13+J19 -> 51157.357 | K25: =J25/B25 -> 0.23691876
A26: Mail Process & Trans Costs | B26: =B8+B14+B20 -> 215927.84 | D26: =F26/B26 -> 0.022709626 | F26: =F8+F14+F20 -> 4903.6406 | J26: =J8+J14+J20 -> 8363.6256 | K26: =J26/B26 -> 0.038733429
A27: Total | B27: =B9+B15+B21 -> 215927.84 | D27: =F27/B27 -> 0.22678491 | F27: =F9+F15+F21 -> 48969.177 | J27: =J9+J15+J21 -> 77764.033 | K27: =J27/B27 -> 0.36013898
A29: checks ---> | B29: 0 | J29: 0
B30: 0 | J30: 0
B31: 0 | J31: 0
A33: Notes:
A34: (1) Refer to PARS 25 Baseline Cost Model, Route Module.
A35: (2) Based on FY 25 piggyback factors.
A36: (3) Refer to PARS 25 Baseline Cost Model, Route Module and CFS Module.
A37: (4) Refer to PARS 25 Baseline Cost Model, Mail Processing and Transportation Module.

Sheet Table 3.18-Nixie UAA
A1: Table 3.18 - Cost of UAA at the Originating Nixie Unit (Excluding Postage Due Processing)
A2: PARS Environment, FY 25
B3: Total Hours (000s) (1) | C3: Overall Cost (000s) (1) | D3: Volume (000s) (1) | E3: Cost/ Piece | G3: Piggyback Factor (2) | I3: Total Cost (000s) | J3: Total Cost/Piece
A5: Letters Sent To CIOSS
A6: CIF Forwarded | B6: 5.7442451 | C6: 318.24656 | D6: 61021.399 | E6: =IF(ISERROR(C6/D6),"n/a",C6/D6) -> 0.0052153272 | G6: 1.4559922 | I6: =C6*G6 -> 463.36451 | J6: =IF(ISERROR(I6/D6),"n/a",I6/D6) -> 0.0075934757
A7: CIF Returned | B7: 3.0710686 | C7: 170.14542 | D7: 32624.113 | E7: =IF(ISERROR(C7/D7),"n/a",C7/D7) -> 0.0052153272 | G7: 1.4559922 | I7: =C7*G7 -> 247.73041 | J7: =IF(ISERROR(I7/D7),"n/a",I7/D7) -> 0.0075934757
A8: CIF Wasted | B8: 1.8715989 | C8: 103.69159 | D8: 19882.087 | E8: =IF(ISERROR(C8/D8),"n/a",C8/D8) -> 0.0052153272 | G8: 1.4559922 | I8: =C8*G8 -> 150.97415 | J8: =IF(ISERROR(I8/D8),"n/a",I8/D8) -> 0.0075934757
A9: CIR Returned | B9: 86.92464 | C9: 4815.8578 | D9: 770334.76 | E9: =IF(ISERROR(C9/D9),"n/a",C9/D9) -> 0.0062516429 | G9: 1.4559922 | I9: =C9*G9 -> 7011.8514 | J9: =IF(ISERROR(I9/D9),"n/a",I9/D9) -> 0.0091023433
A10: ACS Nixie - RTS | B10: 12.339877 | C10: 683.66226 | D10: 131087.13 | E10: =IF(ISERROR(C10/D10),"n/a",C10/D10) -> 0.0052153272 | G10: 1.4559922 | I10: =C10*G10 -> 995.40691 | J10: =IF(ISERROR(I10/D10),"n/a",I10/D10) -> 0.0075934757
A11: ACS Nixie - Wasted | B11: 39.168876 | C11: 2170.0607 | D11: 416092.91 | E11: =IF(ISERROR(C11/D11),"n/a",C11/D11) -> 0.0052153272 | G11: 1.4559922 | I11: =C11*G11 -> 3159.5914 | J11: =IF(ISERROR(I11/D11),"n/a",I11/D11) -> 0.0075934757
A12: Total CIOSS Letters | B12: =SUM(B6:B11) -> 149.12031 | C12: =SUM(C6:C11) -> 8261.6643 | D12: =SUM(D6:D11) -> 1431042.4 | E12: =IF(ISERROR(C12/D12),"n/a",C12/D12) -> 0.0057731793 | I12: =SUM(I6:I11) -> 12028.919 | J12: =IF(ISERROR(I12/D12),"n/a",I12/D12) -> 0.008405704
A14: All Other Letters
A15: Hand Forwarded | B15: 42.887926 | C15: 2376.106 | D15: 30061.622 | E15: =IF(ISERROR(C15/D15),"n/a",C15/D15) -> 0.079041176 | G15: 1.4559922 | I15: =C15*G15 -> 3459.5917 | J15: =IF(ISERROR(I15/D15),"n/a",I15/D15) -> 0.11508334
A16: Returned To Sender | B16: 23.879163 | C16: 1322.9696 | D16: 12810.438 | E16: =IF(ISERROR(C16/D16),"n/a",C16/D16) -> 0.10327278 | G16: 1.4559922 | I16: =C16*G16 -> 1926.2334 | J16: =IF(ISERROR(I16/D16),"n/a",I16/D16) -> 0.15036437
A17: ACS Nixie - RTS | B17: 0 | C17: 0 | D17: 0 | E17: =IF(ISERROR(C17/D17),"n/a",C17/D17) -> n/a | G17: 1.4559922 | I17: =C17*G17 -> 0 | J17: =IF(ISERROR(I17/D17),"n/a",I17/D17) -> n/a
A18: ACS Nixie - Wasted | B18: 0 | C18: 0 | D18: 0 | E18: =IF(ISERROR(C18/D18),"n/a",C18/D18) -> n/a | G18: 1.4559922 | I18: =C18*G18 -> 0 | J18: =IF(ISERROR(I18/D18),"n/a",I18/D18) -> n/a
A19: RTS Diverted To MRC | B19: 0.15465407 | C19: 8.5682496 | D19: 247.97552 | E19: =IF(ISERROR(C19/D19),"n/a",C19/D19) -> 0.034552804 | G19: 1.4559922 | I19: =C19*G19 -> 12.475305 | J19: =IF(ISERROR(I19/D19),"n/a",I19/D19) -> 0.050308613
A20: Waste Mail Verification | B20: 286.70918 | C20: 14699.407 | D20: 1134016.9 | E20: =IF(ISERROR(C20/D20),"n/a",C20/D20) -> 0.012962247 | G20: 1.4559922 | I20: =C20*G20 -> 21402.223 | J20: =IF(ISERROR(I20/D20),"n/a",I20/D20) -> 0.018872931
A21: Total Other Letters | B21: =SUM(B15:B20) -> 353.63092 | C21: =SUM(C15:C20) -> 18407.051 | D21: =SUM(D15:D20) -> 1177136.9 | E21: =IF(ISERROR(C21/D21),"n/a",C21/D21) -> 0.015637137 | I21: =SUM(I15:I20) -> 26800.523 | J21: =IF(ISERROR(I21/D21),"n/a",I21/D21) -> 0.022767549
A23: All Other Shapes
A24: Hand Forwarded | B24: 11.026833 | C24: 767.56952 | D24: 2079.1306 | E24: =IF(ISERROR(C24/D24),"n/a",C24/D24) -> 0.36917812 | G24: 1.4559922 | I24: =C24*G24 -> 1117.5752 | J24: =IF(ISERROR(I24/D24),"n/a",I24/D24) -> 0.53752046
A25: Returned To Sender | B25: 121.66586 | C25: 9831.134 | D25: 23328.621 | E25: =IF(ISERROR(C25/D25),"n/a",C25/D25) -> 0.42141943 | G25: 1.4559922 | I25: =C25*G25 -> 14314.054 | J25: =IF(ISERROR(I25/D25),"n/a",I25/D25) -> 0.6135834
A26: ACS Nixie - RTS | B26: 56.41117 | C26: 3960.9874 | D26: 11075.134 | E26: =IF(ISERROR(C26/D26),"n/a",C26/D26) -> 0.35764689 | G26: 1.4559922 | I26: =C26*G26 -> 5767.1667 | J26: =IF(ISERROR(I26/D26),"n/a",I26/D26) -> 0.52073108
A27: ACS Nixie - Wasted | B27: 43.35725 | C27: 4694.3345 | D27: 17859.366 | E27: =IF(ISERROR(C27/D27),"n/a",C27/D27) -> 0.26285 | G27: 1.4559922 | I27: =C27*G27 -> 6834.9144 | J27: =IF(ISERROR(I27/D27),"n/a",I27/D27) -> 0.38270755
A28: RTS Diverted To MRC | B28: 0.54788605 | C28: 56.519221 | D28: 390.44079 | E28: =IF(ISERROR(C28/D28),"n/a",C28/D28) -> 0.14475747 | G28: 1.4559922 | I28: =C28*G28 -> 82.291545 | J28: =IF(ISERROR(I28/D28),"n/a",I28/D28) -> 0.21076575
A29: Waste Mail Verification | B29: 105.06618 | C29: 5386.68 | D29: 234961.66 | E29: =IF(ISERROR(C29/D29),"n/a",C29/D29) -> 0.022925783 | G29: 1.4559922 | I29: =C29*G29 -> 7842.9641 | J29: =IF(ISERROR(I29/D29),"n/a",I29/D29) -> 0.033379761
A30: Total Other Shapes | B30: =SUM(B24:B29) -> 338.07518 | C30: =SUM(C24:C29) -> 24697.225 | D30: =SUM(D24:D29) -> 289694.35 | E30: =IF(ISERROR(C30/D30),"n/a",C30/D30) -> 0.085252697 | I30: =SUM(I24:I29) -> 35958.966 | J30: =IF(ISERROR(I30/D30),"n/a",I30/D30) -> 0.12412726
A32: CIOSS Reject Mail
A33: Returned To Sender | B33: 21.837676 | C33: 1209.8657 | D33: 11809.069 | E33: =IF(ISERROR(C33/D33),"n/a",C33/D33) -> 0.10245226 | G33: 1.4559922 | I33: =C33*G33 -> 1761.5551 | J33: =IF(ISERROR(I33/D33),"n/a",I33/D33) -> 0.14916969
A34: ACS Nixie - RTS | B34: 0 | C34: 0 | D34: 0 | E34: =IF(ISERROR(C34/D34),"n/a",C34/D34) -> n/a | G34: 1.4559922 | I34: =C34*G34 -> 0 | J34: =IF(ISERROR(I34/D34),"n/a",I34/D34) -> n/a
A35: ACS Nixie - Wasted | B35: 0 | C35: 0 | D35: 0 | E35: =IF(ISERROR(C35/D35),"n/a",C35/D35) -> n/a | G35: 1.4559922 | I35: =C35*G35 -> 0 | J35: =IF(ISERROR(I35/D35),"n/a",I35/D35) -> n/a
A36: RTS Diverted To MRC | B36: 0 | C36: 0 | D36: 0 | E36: =IF(ISERROR(C36/D36),"n/a",C36/D36) -> n/a | G36: 1.4559922 | I36: =C36*G36 -> 0 | J36: =IF(ISERROR(I36/D36),"n/a",I36/D36) -> n/a
A37: Waste Mail Verification | B37: 1.0547059 | C37: 54.074138 | D37: 4171.6638 | E37: =IF(ISERROR(C37/D37),"n/a",C37/D37) -> 0.012962247 | G37: 1.4559922 | I37: =C37*G37 -> 78.731523 | J37: =IF(ISERROR(I37/D37),"n/a",I37/D37) -> 0.018872931
A38: Total CIOSS Rejects | B38: =SUM(B33:B37) -> 22.892382 | C38: =SUM(C33:C37) -> 1263.9399 | D38: =SUM(D33:D37) -> 15980.732 | E38: =IF(ISERROR(C38/D38),"n/a",C38/D38) -> 0.079091486 | I38: =SUM(I33:I37) -> 1840.2866 | J38: =IF(ISERROR(I38/D38),"n/a",I38/D38) -> 0.11515659
A40: Total Mail | B40: =SUM(B12,B21,B30,B38) -> 863.71878 | C40: =SUM(C12,C21,C30,C38) -> 52629.88 | D40: =SUM(D12,D21,D30,D38) -> 2913854.4 | E40: =IF(ISERROR(C40/D40),"n/a",C40/D40) -> 0.018061946 | I40: =SUM(I12,I21,I30,I38) -> 76628.695 | J40: =IF(ISERROR(I40/D40),"n/a",I40/D40) -> 0.026298052
A43: checks ---> | B43: 0 | C43: 0 | D43: 0 | I43: =I40/C40-G37 -> 0 | J43: =J40/E40-G37 -> 0
B44: 0 | C44: 0 | D44: 0
B45: 0 | C45: 0 | D45: 0
B46: 0 | C46: 0 | D46: 0
B47: 0 | C47: 0 | D47: 0
C48: -2.0463631e-12 | D48: 6.6393113e-10
A50: Notes:
A51: (1) Refer to PARS 25 Baseline Cost Model, Nixie Module.
A52: (2) Based on FY 25 piggyback factors.

Sheet Table 3.19-CFS UAA
A1: Table 3.19 - Summary of Cost of UAA at CFS Unit: Part 1 - Non-CIOSS Mail
A2: PARS Environment, FY 25
B3: Volume (000s) | D3: Overall Cost (000s) | F3: Cost/Piece | H3: Piggyback Factor (1) | J3: Total Cost (000s) | K3: Total Cost/Piece
A4: Non-CIOSS Mail
A6: COA Mail Activities, Excluding Postage Due Activities
A7: Non ACS Processing Subtotals
A8: Mechanized Terminal | B8: =SUM('Table 3.20-CFS Non-CIOSS'!B7,'Table 3.20-CFS Non-CIOSS'!B12,'Table 3.20-CFS Non-CIOSS'!B17) -> 0 | C8: (2) | D8: =SUM('Table 3.20-CFS Non-CIOSS'!C7,'Table 3.20-CFS Non-CIOSS'!C12,'Table 3.20-CFS Non-CIOSS'!C17) -> 0 | E8: (2) | F8: =IF(ISERROR(D8/B8),"n/a",D8/B8) -> n/a | H8: 1.7055951 | J8: =D8*$H8 -> 0 | K8: =IF(ISERROR(J8/B8),"n/a",J8/B8) -> n/a
A9: FF/NM Terminal | B9: =SUM('Table 3.20-CFS Non-CIOSS'!B8,'Table 3.20-CFS Non-CIOSS'!B13,'Table 3.20-CFS Non-CIOSS'!B18) -> 143163.59 | C9: (2) | D9: =SUM('Table 3.20-CFS Non-CIOSS'!C8,'Table 3.20-CFS Non-CIOSS'!C13,'Table 3.20-CFS Non-CIOSS'!C18) -> 27634.179 | E9: (2) | F9: =IF(ISERROR(D9/B9),"n/a",D9/B9) -> 0.19302519 | H9: 1.7055951 | J9: =D9*$H9 -> 47132.722 | K9: =IF(ISERROR(J9/B9),"n/a",J9/B9) -> 0.32922283
A11: ACS Keying Subtotals
A12: Mechanized Terminal | B12: =SUM('Table 3.20-CFS Non-CIOSS'!B23,'Table 3.20-CFS Non-CIOSS'!B28,'Table 3.20-CFS Non-CIOSS'!B33) -> 0 | C12: (2) | D12: =SUM('Table 3.20-CFS Non-CIOSS'!C23,'Table 3.20-CFS Non-CIOSS'!C28,'Table 3.20-CFS Non-CIOSS'!C33) -> 0 | E12: (2) | F12: =IF(ISERROR(D12/B12),"n/a",D12/B12) -> n/a | H12: 1.7055951 | J12: =D12*$H12 -> 0 | K12: =IF(ISERROR(J12/B12),"n/a",J12/B12) -> n/a
A13: FF/NM Terminal | B13: =SUM('Table 3.20-CFS Non-CIOSS'!B24,'Table 3.20-CFS Non-CIOSS'!B29,'Table 3.20-CFS Non-CIOSS'!B34) -> 19942.508 | C13: (2) | D13: =SUM('Table 3.20-CFS Non-CIOSS'!C24,'Table 3.20-CFS Non-CIOSS'!C29,'Table 3.20-CFS Non-CIOSS'!C34) -> 7052.5224 | E13: (2) | F13: =IF(ISERROR(D13/B13),"n/a",D13/B13) -> 0.3536427 | H13: 1.7055951 | J13: =D13*$H13 -> 12028.748 | K13: =IF(ISERROR(J13/B13),"n/a",J13/B13) -> 0.60317128
A15: Total: Non ACS Processing | B15: =SUM(B8:B9) -> 143163.59 | D15: =SUM(D8:D9) -> 27634.179 | F15: =IF(ISERROR(D15/B15),"n/a",D15/B15) -> 0.19302519 | J15: =SUM(J8:J9) -> 47132.722 | K15: =IF(ISERROR(J15/B15),"n/a",J15/B15) -> 0.32922283
A16: Total: ACS Keying | B16: =SUM(B12:B13) -> 19942.508 | D16: =SUM(D12:D13) -> 7052.5224 | F16: =IF(ISERROR(D16/B16),"n/a",D16/B16) -> 0.3536427 | J16: =SUM(J12:J13) -> 12028.748 | K16: =IF(ISERROR(J16/B16),"n/a",J16/B16) -> 0.60317128
A17: Total | B17: =B15 -> 143163.59 | D17: =SUM(D16,D15) -> 34686.701 | F17: =IF(ISERROR(D17/B17),"n/a",D17/B17) -> 0.24228717 | J17: =SUM(J16,J15) -> 59161.47 | K17: =IF(ISERROR(J17/B17),"n/a",J17/B17) -> 0.41324383
A19: Address Change Service (ACS) Nixie Mail Activities (3)
A20: Non ACS Processing Subtotals
A21: Mechanized Terminal | B21: =SUM('Table 3.20-CFS Non-CIOSS'!B69,'Table 3.20-CFS Non-CIOSS'!B74) -> 0 | C21: (2) | D21: =SUM('Table 3.20-CFS Non-CIOSS'!C69,'Table 3.20-CFS Non-CIOSS'!C74) -> 0 | E21: (2) | F21: =IF(ISERROR(D21/B21),"n/a",D21/B21) -> n/a | H21: 1.7055951 | J21: =D21*$H21 -> 0 | K21: =IF(ISERROR(J21/B21),"n/a",J21/B21) -> n/a
A22: FF/NM Terminal | B22: =SUM('Table 3.20-CFS Non-CIOSS'!B70,'Table 3.20-CFS Non-CIOSS'!B75) -> 28934.501 | C22: (2) | D22: =SUM('Table 3.20-CFS Non-CIOSS'!C70,'Table 3.20-CFS Non-CIOSS'!C75) -> 448.1778 | E22: (2) | F22: =IF(ISERROR(D22/B22),"n/a",D22/B22) -> 0.015489391 | H22: 1.7055951 | J22: =D22*$H22 -> 764.40989 | K22: =IF(ISERROR(J22/B22),"n/a",J22/B22) -> 0.026418631
A24: ACS Keying Subtotals
A25: Mechanized Terminal | B25: =SUM('Table 3.20-CFS Non-CIOSS'!B80,'Table 3.20-CFS Non-CIOSS'!B85) -> 0 | C25: (2) | D25: =SUM('Table 3.20-CFS Non-CIOSS'!C80,'Table 3.20-CFS Non-CIOSS'!C85) -> 0 | E25: (2) | F25: =IF(ISERROR(D25/B25),"n/a",D25/B25) -> n/a | H25: 1.7055951 | J25: =D25*$H25 -> 0 | K25: =IF(ISERROR(J25/B25),"n/a",J25/B25) -> n/a
A26: FF/NM Terminal | B26: =SUM('Table 3.20-CFS Non-CIOSS'!B81,'Table 3.20-CFS Non-CIOSS'!B86) -> 28934.501 | C26: (2) | D26: =SUM('Table 3.20-CFS Non-CIOSS'!C81,'Table 3.20-CFS Non-CIOSS'!C86) -> 8213.3474 | E26: (2) | F26: =IF(ISERROR(D26/B26),"n/a",D26/B26) -> 0.28386 | H26: 1.7055951 | J26: =D26*$H26 -> 14008.646 | K26: =IF(ISERROR(J26/B26),"n/a",J26/B26) -> 0.48415024
A28: Total: Non ACS Processing | B28: =SUM(B21:B22) -> 28934.501 | D28: =SUM(D21:D22) -> 448.1778 | F28: =IF(ISERROR(D28/B28),"n/a",D28/B28) -> 0.015489391 | H28: 1.7055951 | J28: =D28*$H28 -> 764.40989 | K28: =IF(ISERROR(J28/B28),"n/a",J28/B28) -> 0.026418631
A29: Total: ACS Keying | B29: =SUM(B25:B26) -> 28934.501 | D29: =SUM(D25:D26) -> 8213.3474 | F29: =IF(ISERROR(D29/B29),"n/a",D29/B29) -> 0.28386 | H29: 1.7055951 | J29: =D29*$H29 -> 14008.646 | K29: =IF(ISERROR(J29/B29),"n/a",J29/B29) -> 0.48415024
A30: Total | B30: =B29 -> 28934.501 | D30: =SUM(D28:D29) -> 8661.5252 | F30: =IF(ISERROR(D30/B30),"n/a",D30/B30) -> 0.29934939 | J30: =SUM(J28:J29) -> 14773.055 | K30: =IF(ISERROR(J30/B30),"n/a",J30/B30) -> 0.51056887
A32: Table 3.19 - Summary of Cost of UAA at CFS Unit: Part 2 - CIOSS Reject Mail
A33: PARS Environment, FY 25
B34: Volume (000s) | D34: Overall Cost (000s) | F34: Cost/Piece | H34: Piggyback Factor (1) | J34: Total Cost (000s) | K34: Total Cost/Piece
A35: CIOSS Reject Mail
A37: COA Mail Activities, Excluding Postage Due Activities
A38: Non ACS Processing Subtotals
A39: Mechanized Terminal | B39: =SUM('Table 3.21-CFS CIOSS Rejs'!B7,'Table 3.21-CFS CIOSS Rejs'!B12,'Table 3.21-CFS CIOSS Rejs'!B17) -> 0 | C39: (4) | D39: =SUM('Table 3.21-CFS CIOSS Rejs'!C7,'Table 3.21-CFS CIOSS Rejs'!C12,'Table 3.21-CFS CIOSS Rejs'!C17) -> 0 | E39: (4) | F39: =IF(ISERROR(D39/B39),"n/a",D39/B39) -> n/a | H39: 1.7055951 | J39: =D39*$H39 -> 0 | K39: =IF(ISERROR(J39/B39),"n/a",J39/B39) -> n/a
A40: FF/NM Terminal | B40: =SUM('Table 3.21-CFS CIOSS Rejs'!B8,'Table 3.21-CFS CIOSS Rejs'!B13,'Table 3.21-CFS CIOSS Rejs'!B18) -> 10557.386 | C40: (4) | D40: =SUM('Table 3.21-CFS CIOSS Rejs'!C8,'Table 3.21-CFS CIOSS Rejs'!C13,'Table 3.21-CFS CIOSS Rejs'!C18) -> 2030.2988 | E40: (4) | F40: =IF(ISERROR(D40/B40),"n/a",D40/B40) -> 0.19231074 | H40: 1.7055951 | J40: =D40*$H40 -> 3462.8677 | K40: =IF(ISERROR(J40/B40),"n/a",J40/B40) -> 0.32800427
A42: ACS Keying Subtotals
A43: Mechanized Terminal | B43: =SUM('Table 3.21-CFS CIOSS Rejs'!B23,'Table 3.21-CFS CIOSS Rejs'!B28,'Table 3.21-CFS CIOSS Rejs'!B33) -> 0 | C43: (4) | D43: =SUM('Table 3.21-CFS CIOSS Rejs'!C23,'Table 3.21-CFS CIOSS Rejs'!C28,'Table 3.21-CFS CIOSS Rejs'!C33) -> 0 | E43: (4) | F43: =IF(ISERROR(D43/B43),"n/a",D43/B43) -> n/a | H43: 1.7055951 | J43: =D43*$H43 -> 0 | K43: =IF(ISERROR(J43/B43),"n/a",J43/B43) -> n/a
A44: FF/NM Terminal | B44: =SUM('Table 3.21-CFS CIOSS Rejs'!B24,'Table 3.21-CFS CIOSS Rejs'!B29,'Table 3.21-CFS CIOSS Rejs'!B34) -> 3093.3287 | C44: (4) | D44: =SUM('Table 3.21-CFS CIOSS Rejs'!C24,'Table 3.21-CFS CIOSS Rejs'!C29,'Table 3.21-CFS CIOSS Rejs'!C34) -> 1093.9331 | E44: (4) | F44: =IF(ISERROR(D44/B44),"n/a",D44/B44) -> 0.3536427 | H44: 1.7055951 | J44: =D44*$H44 -> 1865.807 | K44: =IF(ISERROR(J44/B44),"n/a",J44/B44) -> 0.60317128
A46: Total: Non ACS Processing | B46: =SUM(B39:B40) -> 10557.386 | D46: =SUM(D39:D40) -> 2030.2988 | F46: =IF(ISERROR(D46/B46),"n/a",D46/B46) -> 0.19231074 | J46: =SUM(J39:J40) -> 3462.8677 | K46: =IF(ISERROR(J46/B46),"n/a",J46/B46) -> 0.32800427
A47: Total: ACS Keying | B47: =SUM(B43:B44) -> 3093.3287 | D47: =SUM(D43:D44) -> 1093.9331 | F47: =IF(ISERROR(D47/B47),"n/a",D47/B47) -> 0.3536427 | J47: =SUM(J43:J44) -> 1865.807 | K47: =IF(ISERROR(J47/B47),"n/a",J47/B47) -> 0.60317128
A48: Total | B48: =B46 -> 10557.386 | D48: =SUM(D47,D46) -> 3124.2319 | F48: =IF(ISERROR(D48/B48),"n/a",D48/B48) -> 0.29592854 | J48: =SUM(J47,J46) -> 5328.6748 | K48: =IF(ISERROR(J48/B48),"n/a",J48/B48) -> 0.50473428
A50: Address Change Service (ACS) Nixie Mail Activities (3)
A51: Non ACS Processing Subtotals
A52: Mechanized Terminal | B52: =SUM('Table 3.21-CFS CIOSS Rejs'!B69,'Table 3.21-CFS CIOSS Rejs'!B74) -> 0 | C52: (4) | D52: =SUM('Table 3.21-CFS CIOSS Rejs'!C69,'Table 3.21-CFS CIOSS Rejs'!C74) -> 0 | E52: (4) | F52: =IF(ISERROR(D52/B52),"n/a",D52/B52) -> n/a | H52: 1.7055951 | J52: =D52*$H52 -> 0 | K52: =IF(ISERROR(J52/B52),"n/a",J52/B52) -> n/a
A53: FF/NM Terminal | B53: =SUM('Table 3.21-CFS CIOSS Rejs'!B70,'Table 3.21-CFS CIOSS Rejs'!B75) -> 8703.6586 | C53: (4) | D53: =SUM('Table 3.21-CFS CIOSS Rejs'!C70,'Table 3.21-CFS CIOSS Rejs'!C75) -> 134.81437 | E53: (4) | F53: =IF(ISERROR(D53/B53),"n/a",D53/B53) -> 0.015489391 | H53: 1.7055951 | J53: =D53*$H53 -> 229.93874 | K53: =IF(ISERROR(J53/B53),"n/a",J53/B53) -> 0.026418631
A55: ACS Keying Subtotals
A56: Mechanized Terminal | B56: =SUM('Table 3.21-CFS CIOSS Rejs'!B80,'Table 3.21-CFS CIOSS Rejs'!B85) -> 0 | C56: (4) | D56: =SUM('Table 3.21-CFS CIOSS Rejs'!C80,'Table 3.21-CFS CIOSS Rejs'!C85) -> 0 | E56: (4) | F56: =IF(ISERROR(D56/B56),"n/a",D56/B56) -> n/a | H56: 1.7055951 | J56: =D56*$H56 -> 0 | K56: =IF(ISERROR(J56/B56),"n/a",J56/B56) -> n/a
A57: FF/NM Terminal | B57: =SUM('Table 3.21-CFS CIOSS Rejs'!B81,'Table 3.21-CFS CIOSS Rejs'!B86) -> 8703.6586 | C57: (4) | D57: =SUM('Table 3.21-CFS CIOSS Rejs'!C81,'Table 3.21-CFS CIOSS Rejs'!C86) -> 2470.6205 | E57: (4) | F57: =IF(ISERROR(D57/B57),"n/a",D57/B57) -> 0.28386 | H57: 1.7055951 | J57: =D57*$H57 -> 4213.8784 | K57: =IF(ISERROR(J57/B57),"n/a",J57/B57) -> 0.48415024
A59: Total: Non ACS Processing | B59: =SUM(B52:B53) -> 8703.6586 | D59: =SUM(D52:D53) -> 134.81437 | F59: =IF(ISERROR(D59/B59),"n/a",D59/B59) -> 0.015489391 | H59: 1.7055951 | J59: =D59*$H59 -> 229.93874 | K59: =IF(ISERROR(J59/B59),"n/a",J59/B59) -> 0.026418631
A60: Total: ACS Keying | B60: =SUM(B56:B57) -> 8703.6586 | D60: =SUM(D56:D57) -> 2470.6205 | F60: =IF(ISERROR(D60/B60),"n/a",D60/B60) -> 0.28386 | H60: 1.7055951 | J60: =D60*$H60 -> 4213.8784 | K60: =IF(ISERROR(J60/B60),"n/a",J60/B60) -> 0.48415024
A61: Total | B61: =B60 -> 8703.6586 | D61: =SUM(D59:D60) -> 2605.4349 | F61: =IF(ISERROR(D61/B61),"n/a",D61/B61) -> 0.29934939 | J61: =SUM(J59:J60) -> 4443.8171 | K61: =IF(ISERROR(J61/B61),"n/a",J61/B61) -> 0.51056887
A63: Table 3.19 - Summary of Cost of UAA at CFS Unit: Part 3 - All Mail
A64: PARS Environment, FY 25
B65: Volume (000s) | D65: Overall Cost (000s) | F65: Cost/Piece | H65: Piggyback Factor (1) | J65: Total Cost (000s) | K65: Total Cost/Piece
A66: All Mail
A68: COA Mail Activities, Excluding Postage Due Activities
A69: Non ACS Processing Subtotals
A70: Mechanized Terminal | B70: =SUM(B8,B39) -> 0 | D70: =SUM(D8,D39) -> 0 | F70: =IF(ISERROR(D70/B70),"n/a",D70/B70) -> n/a | J70: =SUM(J8,J39) -> 0 | K70: =IF(ISERROR(J70/B70),"n/a",J70/B70) -> n/a
A71: FF/NM Terminal | B71: =SUM(B9,B40) -> 153720.97 | D71: =SUM(D9,D40) -> 29664.478 | F71: =IF(ISERROR(D71/B71),"n/a",D71/B71) -> 0.19297612 | J71: =SUM(J9,J40) -> 50595.59 | K71: =IF(ISERROR(J71/B71),"n/a",J71/B71) -> 0.32913914
A73: ACS Keying Subtotals
A74: Mechanized Terminal | B74: =SUM(B12,B43) -> 0 | D74: =SUM(D12,D43) -> 0 | F74: =IF(ISERROR(D74/B74),"n/a",D74/B74) -> n/a | J74: =SUM(J12,J43) -> 0 | K74: =IF(ISERROR(J74/B74),"n/a",J74/B74) -> n/a
A75: FF/NM Terminal | B75: =SUM(B13,B44) -> 23035.837 | D75: =SUM(D13,D44) -> 8146.4555 | F75: =IF(ISERROR(D75/B75),"n/a",D75/B75) -> 0.3536427 | J75: =SUM(J13,J44) -> 13894.555 | K75: =IF(ISERROR(J75/B75),"n/a",J75/B75) -> 0.60317128
A77: Total: Non ACS Processing | B77: =SUM(B70:B71) -> 153720.97 | D77: =SUM(D70:D71) -> 29664.478 | F77: =IF(ISERROR(D77/B77),"n/a",D77/B77) -> 0.19297612 | J77: =SUM(J70:J71) -> 50595.59 | K77: =IF(ISERROR(J77/B77),"n/a",J77/B77) -> 0.32913914
A78: Total: ACS Keying | B78: =SUM(B74:B75) -> 23035.837 | D78: =SUM(D74:D75) -> 8146.4555 | F78: =IF(ISERROR(D78/B78),"n/a",D78/B78) -> 0.3536427 | J78: =SUM(J74:J75) -> 13894.555 | K78: =IF(ISERROR(J78/B78),"n/a",J78/B78) -> 0.60317128
A79: Total | B79: =B77 -> 153720.97 | D79: =SUM(D78,D77) -> 37810.933 | F79: =IF(ISERROR(D79/B79),"n/a",D79/B79) -> 0.2459712 | J79: =SUM(J78,J77) -> 64490.145 | K79: =IF(ISERROR(J79/B79),"n/a",J79/B79) -> 0.41952729
A81: Address Change Service (ACS) Nixie Mail Activities (3)
A82: Non ACS Processing Subtotals
A83: Mechanized Terminal | B83: =SUM(B21,B52) -> 0 | D83: =SUM(D21,D52) -> 0 | F83: =IF(ISERROR(D83/B83),"n/a",D83/B83) -> n/a | J83: =SUM(J21,J52) -> 0 | K83: =IF(ISERROR(J83/B83),"n/a",J83/B83) -> n/a
A84: FF/NM Terminal | B84: =SUM(B22,B53) -> 37638.159 | D84: =SUM(D22,D53) -> 582.99218 | F84: =IF(ISERROR(D84/B84),"n/a",D84/B84) -> 0.015489391 | J84: =SUM(J22,J53) -> 994.34863 | K84: =IF(ISERROR(J84/B84),"n/a",J84/B84) -> 0.026418631
A86: ACS Keying Subtotals
A87: Mechanized Terminal | B87: =SUM(B25,B56) -> 0 | D87: =SUM(D25,D56) -> 0 | F87: =IF(ISERROR(D87/B87),"n/a",D87/B87) -> n/a | J87: =SUM(J25,J56) -> 0 | K87: =IF(ISERROR(J87/B87),"n/a",J87/B87) -> n/a
A88: FF/NM Terminal | B88: =SUM(B26,B57) -> 37638.159 | D88: =SUM(D26,D57) -> 10683.968 | F88: =IF(ISERROR(D88/B88),"n/a",D88/B88) -> 0.28386 | J88: =SUM(J26,J57) -> 18222.524 | K88: =IF(ISERROR(J88/B88),"n/a",J88/B88) -> 0.48415024
A90: Total: Non ACS Processing | B90: =SUM(B83:B84) -> 37638.159 | D90: =SUM(D83:D84) -> 582.99218 | F90: =IF(ISERROR(D90/B90),"n/a",D90/B90) -> 0.015489391 | J90: =SUM(J83:J84) -> 994.34863 | K90: =IF(ISERROR(J90/B90),"n/a",J90/B90) -> 0.026418631
A91: Total: ACS Keying | B91: =SUM(B87:B88) -> 37638.159 | D91: =SUM(D87:D88) -> 10683.968 | F91: =IF(ISERROR(D91/B91),"n/a",D91/B91) -> 0.28386 | J91: =SUM(J87:J88) -> 18222.524 | K91: =IF(ISERROR(J91/B91),"n/a",J91/B91) -> 0.48415024
A92: Total | B92: =B91 -> 37638.159 | D92: =SUM(D90:D91) -> 11266.96 | F92: =IF(ISERROR(D92/B92),"n/a",D92/B92) -> 0.29934939 | J92: =SUM(J90:J91) -> 19216.873 | K92: =IF(ISERROR(J92/B92),"n/a",J92/B92) -> 0.51056887
B95: check total mt cost --->
B96: check total fft cost ---> | D96: =SUM(D9,D13) -> 34686.701 | F96: ='Table 3.20-CFS Non-CIOSS'!C91-'Table 3.20-CFS Non-CIOSS'!C94 -> 34686.701 | H96: =D96-F96 -> 0 | K96: =D40+D44 -> 3124.2319 | L96: ='Table 3.21-CFS CIOSS Rejs'!C91-'Table 3.21-CFS CIOSS Rejs'!C94 -> 3124.2319 | M96: =K96-L96 -> 0
B97: check total cost ---> | D97: =SUM(D96:D96) -> 34686.701 | F97: =SUM(F96:F96) -> 34686.701 | H97: =D97-F97 -> 0 | K97: =SUM(K96:K96) -> 3124.2319 | L97: =SUM(L96:L96) -> 3124.2319 | M97: =K97-L97 -> 0
A99: check non-acs keying vol ---> | B99: =SUM(B8:B9)-SUM('Table 3.20-CFS Non-CIOSS'!B9,'Table 3.20-CFS Non-CIOSS'!B14,'Table 3.20-CFS Non-CIOSS'!B19) -> 0 | J99: =SUM(B39:B40)-SUM('Table 3.21-CFS CIOSS Rejs'!B9,'Table 3.21-CFS CIOSS Rejs'!B14,'Table 3.21-CFS CIOSS Rejs'!B19) -> 0
A100: check acs keying vol ---> | B100: =SUM(B12:B13)-SUM('Table 3.20-CFS Non-CIOSS'!B25,'Table 3.20-CFS Non-CIOSS'!B30,'Table 3.20-CFS Non-CIOSS'!B35) -> 0 | J100: =SUM(B43:B44)-SUM('Table 3.21-CFS CIOSS Rejs'!B25,'Table 3.21-CFS CIOSS Rejs'!B30,'Table 3.21-CFS CIOSS Rejs'!B35) -> 0
B102: check acsnix mt cost ---> | D102: =D21+D25 -> 0 | F102: 0 | H102: =D102-F102 -> 0 | K102: =D52+D56 -> 0 | M102: =K102-L102 -> 0
B103: check acsnxi fft cost ---> | D103: =D22+D26 -> 8661.5252 | F103: 8661.5252 | H103: =D103-F103 -> 0 | K103: =D53+D57 -> 2605.4349 | L103: 2605.4349 | M103: =K103-L103 -> 0
B104: check acsnix total cost ---> | D104: =D30 -> 8661.5252 | F104: 8661.5252 | H104: =D104-F104 -> 0 | K104: =SUM(K102:K103) -> 2605.4349 | L104: =SUM(L102:L103) -> 2605.4349 | M104: =K104-L104 -> 0
A106: check acsnix mt vol ---> | B106: =B21-'Table 3.20-CFS Non-CIOSS'!B69-'Table 3.20-CFS Non-CIOSS'!B74 -> 0 | H106: =B52-'Table 3.21-CFS CIOSS Rejs'!B69-'Table 3.21-CFS CIOSS Rejs'!B74 -> 0
A107: check acsnxi fft vol ---> | B107: =B22-'Table 3.20-CFS Non-CIOSS'!B70-'Table 3.20-CFS Non-CIOSS'!B75 -> 0 | H107: =B53-'Table 3.21-CFS CIOSS Rejs'!B70-'Table 3.21-CFS CIOSS Rejs'!B75 -> 0
A108: check acsnix total vol ---> | B108: =B30-'Table 3.20-CFS Non-CIOSS'!B71-'Table 3.20-CFS Non-CIOSS'!B76 -> 0 | H108: =B61-'Table 3.21-CFS CIOSS Rejs'!B71-'Table 3.21-CFS CIOSS Rejs'!B76 -> 0
A110: check all mail, COA ---> | B110: 0 | D110: 0
A111: check all mail, acsnix ---> | B111: 0 | D111: 0
A113: Notes:
A114: (1) Based on FY 25 piggyback factors.
A115: (2) Refer to Table 3.20.
A116: (3) Includes keying, loading, & sweeping. Refer to PARS 25 Baseline Cost Model, CFS Module.
A117: (4) Refer to Table 3.21.

Sheet Table 3.20-CFS Non-CIOSS
A1: Table 3.20 - Non-CIOSS Mail CFS Processing Costs: Part 1 - COA Mail Activities, Excluding Postage Due
A2: PARS Environment, FY 25
B3: Volume (000s) (1) | C3: Overall Cost (000s) (1) | D3: Cost/Piece | F3: Piggyback Factor (2) | H3: Total Cost (000s) | I3: Total Cost/Piece
A4: COA Mail Activities, Excluding Postage Due Activities
A5: Non ACS Processing Costs
A6: Forwarded
A7: Mechanized Terminal | B7: 0 | C7: 0 | D7: =IF(ISERROR(C7/B7),"n/a",C7/B7) -> n/a | F7: 1.7055951 | H7: =C7*F7 -> 0 | I7: =IF(ISERROR(H7/B7),"n/a",H7/B7) -> n/a
A8: FF/NM Terminal | B8: 18572.748 | C8: 3571.739 | D8: =IF(ISERROR(C8/B8),"n/a",C8/B8) -> 0.19231074 | F8: 1.7055951 | H8: =C8*F8 -> 6091.9407 | I8: =IF(ISERROR(H8/B8),"n/a",H8/B8) -> 0.32800427
A9: Total | B9: =SUM(B7:B8) -> 18572.748 | C9: =SUM(C7:C8) -> 3571.739 | D9: =IF(ISERROR(C9/B9),"n/a",C9/B9) -> 0.19231074 | H9: =SUM(H7:H8) -> 6091.9407 | I9: =H9/B9 -> 0.32800427
A11: Returned to Sender
A12: Mechanized Terminal | B12: 0 | C12: 0 | D12: =IF(ISERROR(C12/B12),"n/a",C12/B12) -> n/a | F12: 1.7055951 | H12: =C12*F12 -> 0 | I12: =IF(ISERROR(H12/B12),"n/a",H12/B12) -> n/a
A13: FF/NM Terminal | B13: 59033.92 | C13: 11455.14 | D13: =IF(ISERROR(C13/B13),"n/a",C13/B13) -> 0.19404336 | F13: 1.7055951 | H13: =C13*F13 -> 19537.832 | I13: =IF(ISERROR(H13/B13),"n/a",H13/B13) -> 0.33095941
A14: Total | B14: =SUM(B12:B13) -> 59033.92 | C14: =SUM(C12:C13) -> 11455.14 | D14: =IF(ISERROR(C14/B14),"n/a",C14/B14) -> 0.19404336 | H14: =SUM(H12:H13) -> 19537.832 | I14: =H14/B14 -> 0.33095941
A16: Wasted
A17: Mechanized Terminal | B17: 0 | C17: 0 | D17: =IF(ISERROR(C17/B17),"n/a",C17/B17) -> n/a | F17: 1.7055951 | H17: =C17*F17 -> 0 | I17: =IF(ISERROR(H17/B17),"n/a",H17/B17) -> n/a
A18: FF/NM Terminal | B18: 65556.92 | C18: 12607.3 | D18: =IF(ISERROR(C18/B18),"n/a",C18/B18) -> 0.19231074 | F18: 1.7055951 | H18: =C18*F18 -> 21502.95 | I18: =IF(ISERROR(H18/B18),"n/a",H18/B18) -> 0.32800427
A19: Total | B19: =SUM(B17:B18) -> 65556.92 | C19: =SUM(C17:C18) -> 12607.3 | D19: =IF(ISERROR(C19/B19),"n/a",C19/B19) -> 0.19231074 | H19: =SUM(H17:H18) -> 21502.95 | I19: =H19/B19 -> 0.32800427
A21: ACS Keying Costs
A22: Forwarded
A23: Mechanized Terminal | B23: 0 | C23: =D23*B23 -> 0 | D23: 0 | F23: 1.7055951 | H23: =C23*F23 -> 0 | I23: =IF(ISERROR(H23/B23),"n/a",H23/B23) -> n/a
A24: FF/NM Terminal | B24: 4467.6497 | C24: =D24*B24 -> 1579.9517 | D24: 0.3536427 | F24: 1.7055951 | H24: =C24*F24 -> 2694.758 | I24: =IF(ISERROR(H24/B24),"n/a",H24/B24) -> 0.60317128
A25: Total | B25: =SUM(B23:B24) -> 4467.6497 | C25: =SUM(C23:C24) -> 1579.9517 | D25: =IF(ISERROR(C25/B25),"n/a",C25/B25) -> 0.3536427 | H25: =SUM(H23:H24) -> 2694.758 | I25: =H25/B25 -> 0.60317128
A27: Returned to Sender
A28: Mechanized Terminal | B28: 0 | C28: =D28*B28 -> 0 | D28: 0 | F28: 1.7055951 | H28: =C28*F28 -> 0 | I28: =IF(ISERROR(H28/B28),"n/a",H28/B28) -> n/a
A29: FF/NM Terminal | B29: 0 | C29: 0 | D29: n/a | F29: 1.7055951 | H29: =C29*F29 -> 0 | I29: =IF(ISERROR(H29/B29),"n/a",H29/B29) -> n/a
